Date,Last Price,Open Price,Lowest Price,Highest Price,Diff,Volume,Volume Norm
18 Haziran 2019 ,13.22,13.22,13.02,13.28,0.26,851977943,0.312177433
17 Haziran 2019 ,13.02,13.22,12.62,13.05,0.43,824603822,0.301931046
14 Haziran 2019 ,12.68,13.02,12.56,12.86,0.3,742553611,0.27121889
13 Haziran 2019 ,12.65,12.68,12.64,12.93,0.29,649793915,0.236498075
12 Haziran 2019 ,12.95,12.65,12.92,13.15,0.23,820195573,0.300280997
11 Haziran 2019 ,12.92,12.95,12.72,13.34,0.62,950575864,0.34908355
10 Haziran 2019 ,13.26,12.92,12.92,13.4,0.48,797446726,0.291765893
07 Haziran 2019 ,13.03,13.26,12.43,13.06,0.63,830484808,0.304132354
03 Haziran 2019 ,12.44,13.03,12.39,12.57,0.18,198656535,0.067633167
31 Mayıs 2019 ,12.49,12.44,12.35,12.55,0.2,685620115,0.249908155
30 Mayıs 2019 ,12.45,12.49,12.25,12.45,0.2,968808470,0.355908184
29 Mayıs 2019 ,12.13,12.45,11.89,12.32,0.43,996860192,0.366408204
28 Mayıs 2019 ,12.08,12.13,11.99,12.23,0.24,804262183,0.294316982
27 Mayıs 2019 ,11.86,12.08,11.77,12.15,0.38,589386472,0.213887009
24 Mayıs 2019 ,11.96,11.86,11.72,12.21,0.49,947727292,0.348017303
23 Mayıs 2019 ,11.8,11.96,11.21,11.83,0.62,975494899,0.358410976
22 Mayıs 2019 ,11.26,11.8,11.24,11.87,0.63,847055896,0.310335066
21 Mayıs 2019 ,11.71,11.26,11.62,12.19,0.57,740677147,0.270516513
20 Mayıs 2019 ,12.09,11.71,11.92,12.17,0.25,630355850,0.229222227
17 Mayıs 2019 ,12.02,12.09,12.01,12.31,0.3,655449580,0.238615043
16 Mayıs 2019 ,12.27,12.02,12.15,12.41,0.26,970271415,0.356455778
15 Mayıs 2019 ,12.1,12.27,11.92,12.57,0.65,1086859912,0.400095934
14 Mayıs 2019 ,12.5,12.1,12.13,12.53,0.4,900122340,0.330198328
13 Mayıs 2019 ,12.36,12.5,11.82,12.43,0.61,1100749283,0.405294855
10 Mayıs 2019 ,12.15,12.36,12,12.7,0.7,1157171003,0.426414028
09 Mayıs 2019 ,12.46,12.15,12.43,13.16,0.73,894991795,0.328277917
08 Mayıs 2019 ,12.96,12.46,12.94,13.62,0.68,910977011,0.334261332
07 Mayıs 2019 ,13.52,12.96,13.35,13.7,0.35,606979387,0.2204722
06 Mayıs 2019 ,13.8,13.52,13.44,13.85,0.41,525780119,0.190078561
03 Mayıs 2019 ,13.9,13.8,13.85,14.15,0.3,510316581,0.184290415
02 Mayıs 2019 ,14.07,13.9,14,14.65,0.65,705615417,0.257392582
30 Nisan 2019 ,14.31,14.07,14.19,14.45,0.26,611527788,0.222174709
29 Nisan 2019 ,14.22,14.31,13.94,14.3,0.36,657627489,0.239430255
26 Nisan 2019 ,13.92,14.22,13.66,14,0.34,555105468,0.201055311
25 Nisan 2019 ,13.73,13.92,13.63,14.11,0.48,746548943,0.27271438
24 Nisan 2019 ,14.04,13.73,13.93,14.24,0.31,707631607,0.25814726
22 Nisan 2019 ,13.93,14.04,13.9,14.05,0.15,335640304,0.118907463
19 Nisan 2019 ,14.15,13.93,14.15,14.43,0.28,443126344,0.159140486
18 Nisan 2019 ,14.33,14.15,14.19,14.45,0.26,594565614,0.21582561
17 Nisan 2019 ,14.35,14.33,14.2,14.56,0.36,856444030,0.313849131
16 Nisan 2019 ,14.35,14.35,14.03,14.4,0.37,1091899941,0.401982464
15 Nisan 2019 ,13.94,14.35,13.86,14.11,0.25,653450252,0.237866676
12 Nisan 2019 ,13.89,13.94,13.82,14.06,0.24,651426329,0.237109103
11 Nisan 2019 ,14.03,13.89,13.79,14.21,0.42,1008174429,0.370643228
10 Nisan 2019 ,13.97,14.03,13.97,14.51,0.54,772980881,0.2826081
09 Nisan 2019 ,14.46,13.97,14.33,14.63,0.3,1093897597,0.402730205
08 Nisan 2019 ,14.16,14.46,14.05,14.66,0.61,1103980077,0.406504171
05 Nisan 2019 ,14.55,14.16,14.18,14.59,0.41,1462343388,0.540642884
04 Nisan 2019 ,14.31,14.55,13.34,14.33,0.99,1519150854,0.561906446
03 Nisan 2019 ,13.4,14.31,13.05,13.41,0.36,965371114,0.35462155
02 Nisan 2019 ,12.97,13.4,12.8,13.19,0.39,873643150,0.320286921
01 Nisan 2019 ,13,12.97,12.48,13.29,0.81,1306882253,0.482452338
29 Mart 2019 ,12.93,13,12.55,13.02,0.47,1115242409,0.410719766
28 Mart 2019 ,12.6,12.93,12.41,13.17,0.76,1615271109,0.597885149
27 Mart 2019 ,12.73,12.6,12.66,13.62,0.96,1049429403,0.386085347
26 Mart 2019 ,13.48,12.73,13.36,14.26,0.9,1081566982,0.398114741
25 Mart 2019 ,14.06,13.48,13.08,14.1,1.02,1354648988,0.500331871
22 Mart 2019 ,13.49,14.06,13.44,14.26,0.82,1263715831,0.466294746
21 Mart 2019 ,14.14,13.49,13.98,14.6,0.62,1504801909,0.556535502
20 Mart 2019 ,14.22,14.14,14.14,14.37,0.23,1126050479,0.414765327
19 Mart 2019 ,14.2,14.22,13.85,14.42,0.57,1881452994,0.697519499
18 Mart 2019 ,13.97,14.2,13.25,13.98,0.73,1559352099,0.576954145
15 Mart 2019 ,12.98,13.97,12.89,13.08,0.19,567172364,0.205572062
14 Mart 2019 ,13.03,12.98,12.73,13.1,0.37,886013917,0.324917414
13 Mart 2019 ,12.76,13.03,12.71,13.11,0.4,1074631487,0.395518721
12 Mart 2019 ,13.1,12.76,12.89,13.15,0.26,834500542,0.30563548
11 Mart 2019 ,12.96,13.1,12.86,13.44,0.58,1204442277,0.444108105
08 Mart 2019 ,13.21,12.96,13.04,13.83,0.79,1288428309,0.475544856
07 Mart 2019 ,13.7,13.21,13.59,14.34,0.75,1059478520,0.389846825
06 Mart 2019 ,14.11,13.7,14.08,14.46,0.38,1081827086,0.398212101
05 Mart 2019 ,14.27,14.11,13.73,14.36,0.63,1672251701,0.619213514
04 Mart 2019 ,13.91,14.27,13.88,14.09,0.21,514502902,0.185857394
01 Mart 2019 ,13.97,13.91,13.87,14.22,0.35,614896398,0.223435611
28 Şubat 2019 ,14.14,13.97,14.02,14.28,0.26,955941207,0.351091848
27 Şubat 2019 ,14,14.14,13.95,14.45,0.5,838824203,0.307253866
26 Şubat 2019 ,14.39,14,13.91,14.46,0.55,986151601,0.362399879
25 Şubat 2019 ,14.03,14.39,13.97,14.51,0.54,1084269848,0.399126449
22 Şubat 2019 ,14.12,14.03,13.69,14.21,0.52,1045619546,0.384659283
21 Şubat 2019 ,13.64,14.12,13.42,13.75,0.33,866385564,0.31757034
20 Şubat 2019 ,13.43,13.64,13.35,13.52,0.17,898936506,0.329754459
19 Şubat 2019 ,13.34,13.43,13.24,13.57,0.33,907113321,0.332815117
18 Şubat 2019 ,13.34,13.34,13.29,13.95,0.66,1257442109,0.463946434
15 Şubat 2019 ,13.69,13.34,13.58,14.18,0.6,1401184505,0.517750547
14 Şubat 2019 ,14.16,13.69,13.35,14.6,1.25,2152286264,0.798894906
13 Şubat 2019 ,13.8,14.16,13.74,14.65,0.91,1660937822,0.614978624
12 Şubat 2019 ,14.45,13.8,14.41,15.29,0.88,1396899365,0.516146579
11 Şubat 2019 ,15.24,14.45,14.77,15.24,0.47,1109066197,0.408407953
08 Şubat 2019 ,14.71,15.24,14.55,14.79,0.24,746472286,0.272685687
07 Şubat 2019 ,14.65,14.71,14.63,15.01,0.38,1108117357,0.408052793
06 Şubat 2019 ,14.85,14.65,14.3,14.87,0.57,1216900863,0.448771469
05 Şubat 2019 ,14.51,14.85,14.43,15.1,0.67,1060876252,0.390370009
04 Şubat 2019 ,14.95,14.51,14.76,15.12,0.36,813557637,0.297796356
01 Şubat 2019 ,14.76,14.95,14.68,15.47,0.79,1090920954,0.40161602
31 Ocak 2019 ,15.42,14.76,15.16,16.17,1.01,1453495464,0.537331024
30 Ocak 2019 ,15.81,15.42,15.07,15.85,0.78,1700313621,0.629717351
29 Ocak 2019 ,15.2,15.81,15.07,15.24,0.17,969382951,0.356123218
28 Ocak 2019 ,15.06,15.2,14.68,15.15,0.47,1663458952,0.615922306
25 Ocak 2019 ,14.67,15.06,14.64,14.88,0.24,701361183,0.255800182
24 Ocak 2019 ,14.76,14.67,14.63,14.89,0.26,914127247,0.335440495
23 Ocak 2019 ,14.69,14.76,14.38,14.77,0.39,1373406225,0.507352879
22 Ocak 2019 ,14.4,14.69,14.26,14.69,0.43,1185116607,0.436874327
21 Ocak 2019 ,14.54,14.4,14.49,14.96,0.47,1608302088,0.59527658
18 Ocak 2019 ,14.44,14.54,14.19,14.6,0.41,1370502818,0.506266106
17 Ocak 2019 ,14.17,14.44,14.17,14.69,0.52,1644261678,0.608736588
16 Ocak 2019 ,14.39,14.17,14.14,14.75,0.61,1406037631,0.519567117
15 Ocak 2019 ,14.59,14.39,14.56,15.17,0.61,1268364585,0.468034818
14 Ocak 2019 ,15.03,14.59,14.85,15.09,0.24,626081199,0.227622186
11 Ocak 2019 ,15.08,15.03,15,15.23,0.23,691940947,0.252274101
10 Ocak 2019 ,14.96,15.08,14.91,15.31,0.4,963444931,0.353900562
09 Ocak 2019 ,14.95,14.96,14.89,15.18,0.29,504342446,0.182054241
08 Ocak 2019 ,15.11,14.95,14.86,15.17,0.31,519866157,0.18786491
07 Ocak 2019 ,15.06,15.11,14.96,15.38,0.42,739501789,0.270076565
04 Ocak 2019 ,15.11,15.06,14.82,15.45,0.63,808994445,0.296088311
03 Ocak 2019 ,15.14,15.11,15.09,16,0.91,974729532,0.358124492
02 Ocak 2019 ,15.72,15.14,15.65,16.25,0.6,799409613,0.29250062
31 Aralık 2018 ,16.11,15.72,15.91,16.13,0.22,212528628,0.07282562
29 Aralık 2018 ,16.01,16.11,15.87,16.33,0.46,411598180,0.147339201
28 Aralık 2018 ,16.01,16.01,15.87,16.33,0.46,412204879,0.147566294
27 Aralık 2018 ,16.25,16.01,16.2,16.41,0.21,514901616,0.186006636
26 Aralık 2018 ,16.16,16.25,16.14,16.3,0.16,232649586,0.080357082
25 Aralık 2018 ,16.18,16.16,16.1,16.37,0.27,288558048,0.101284138
24 Aralık 2018 ,16.16,16.18,16.15,16.52,0.37,388696756,0.138766986
22 Aralık 2018 ,16.33,16.16,16.07,16.58,0.51,737077301,0.269169057
21 Aralık 2018 ,16.33,16.33,16.07,16.58,0.51,737077138,0.269168996
20 Aralık 2018 ,16.37,16.33,15.74,16.4,0.66,1009805572,0.37125378
19 Aralık 2018 ,16.17,16.37,15.58,16.22,0.64,742432468,0.271173545
18 Aralık 2018 ,15.41,16.17,14.69,15.44,0.75,593927196,0.215586644
17 Aralık 2018 ,14.69,15.41,14.69,15.13,0.44,421735913,0.151133849
15 Aralık 2018 ,14.88,14.69,14.76,15.34,0.58,521265797,0.188388808
14 Aralık 2018 ,14.96,14.88,14.76,15.34,0.58,545910385,0.197613506
13 Aralık 2018 ,15.4,14.96,15.29,15.5,0.21,394314869,0.140869897
12 Aralık 2018 ,15.25,15.4,15.23,16.13,0.9,643338943,0.234081919
11 Aralık 2018 ,15.96,15.25,15.89,16.25,0.36,442348139,0.158849196
10 Aralık 2018 ,16.1,15.96,16.08,16.36,0.28,417014354,0.149366525
08 Aralık 2018 ,16.19,16.1,16.05,16.58,0.53,694305083,0.253159019
07 Aralık 2018 ,16.19,16.19,16.05,16.58,0.53,694630502,0.253280826
06 Aralık 2018 ,16.39,16.19,16.03,16.49,0.46,610377311,0.221744075
05 Aralık 2018 ,16.33,16.39,15.86,16.39,0.53,708616016,0.258515734
04 Aralık 2018 ,15.96,16.33,15.85,16.63,0.78,883825378,0.324098224
03 Aralık 2018 ,16.3,15.96,16.26,17.15,0.89,834867847,0.305772966
30 Kasım 2018 ,17,16.3,16.77,17.06,0.29,651608254,0.237177199
29 Kasım 2018 ,16.95,17,16.88,17.42,0.54,711726661,0.259680077
28 Kasım 2018 ,17.23,16.95,17.1,17.35,0.25,633856772,0.230532655
27 Kasım 2018 ,17.08,17.23,16.86,17.24,0.38,551208301,0.199596565
26 Kasım 2018 ,17.11,17.08,16.88,17.33,0.45,896979766,0.329022033
23 Kasım 2018 ,16.89,17.11,16.28,16.91,0.63,910121817,0.333941225
22 Kasım 2018 ,16.29,16.89,16.03,16.43,0.4,563551437,0.204216715
21 Kasım 2018 ,16.4,16.29,16.01,16.44,0.43,794134336,0.290526035
20 Kasım 2018 ,15.85,16.4,15.8,16.34,0.54,610992597,0.221974382
19 Kasım 2018 ,16.35,15.85,15.98,16.52,0.54,822976740,0.301322014
17 Kasım 2018 ,15.97,16.35,15.9,16.5,0.6,776383072,0.283881572
16 Kasım 2018 ,15.97,15.97,15.9,16.5,0.6,801732022,0.293369919
15 Kasım 2018 ,16.18,15.97,15.75,16.5,0.75,1021116436,0.375487541
14 Kasım 2018 ,16.2,16.18,15.47,16.25,0.78,1274088430,0.470177306
13 Kasım 2018 ,15.49,16.2,14.74,15.57,0.83,816773459,0.299000068
12 Kasım 2018 ,14.78,15.49,14.78,15.24,0.46,550663890,0.199392787
10 Kasım 2018 ,15.17,14.78,14.5,15.24,0.74,890488690,0.326592363
09 Kasım 2018 ,15.17,15.17,14.5,15.24,0.74,909841306,0.333836227
08 Kasım 2018 ,14.65,15.17,14.64,15.69,1.05,1299246634,0.479594255
07 Kasım 2018 ,15.59,14.65,14.7,15.62,0.92,953851987,0.350309834
06 Kasım 2018 ,14.72,15.59,14.72,15.45,0.73,896870390,0.328981093
05 Kasım 2018 ,15.28,14.72,15.08,15.43,0.35,714181203,0.260598835
03 Kasım 2018 ,15.23,15.28,14.34,15.6,1.26,1244598299,0.459138876
02 Kasım 2018 ,15.23,15.23,14.34,15.6,1.26,1245533512,0.459488935
01 Kasım 2018 ,14.6,15.23,13.85,14.68,0.83,931263167,0.341854629
31 Ekim 2018 ,14.05,14.6,13.98,14.76,0.78,928751330,0.340914425
30 Ekim 2018 ,14.6,14.05,14.37,15.58,1.21,1290084674,0.476164849
27 Ekim 2018 ,15.46,14.6,15.36,15.97,0.61,680023492,0.247813287
26 Ekim 2018 ,15.46,15.46,15.36,15.97,0.61,680476068,0.24798269
25 Ekim 2018 ,15.94,15.46,15.31,15.94,0.63,732175801,0.26733438
24 Ekim 2018 ,15.54,15.94,15.5,15.91,0.41,789300692,0.288716757
23 Ekim 2018 ,15.53,15.54,15.09,15.72,0.63,895727076,0.32855314
22 Ekim 2018 ,15.72,15.53,15.55,16.41,0.86,950264148,0.348966872
20 Ekim 2018 ,16.19,15.72,16,16.7,0.7,1051052883,0.386693031
19 Ekim 2018 ,16.19,16.19,16,16.7,0.7,1051104610,0.386712393
18 Ekim 2018 ,16.55,16.19,16.45,16.91,0.46,992342527,0.3647172
17 Ekim 2018 ,16.55,16.55,16.37,17.61,1.24,1395968282,0.515798066
16 Ekim 2018 ,17.43,16.55,17.37,18.02,0.65,1023603799,0.376418584
15 Ekim 2018 ,18.08,17.43,17.65,18.13,0.48,998122790,0.366880806
13 Ekim 2018 ,17.49,18.08,16.39,17.49,1.1,1262424639,0.465811441
12 Ekim 2018 ,17.49,17.49,16.39,17.49,1.1,1263855793,0.466347135
11 Ekim 2018 ,16.5,17.49,16.31,16.86,0.55,682195523,0.248626298
10 Ekim 2018 ,16.7,16.5,16.67,17.68,1.01,691257450,0.252018261
09 Ekim 2018 ,17.57,16.7,17.41,18.03,0.62,888230237,0.325747004
08 Ekim 2018 ,17.83,17.57,17.35,17.87,0.52,749583137,0.273850107
06 Ekim 2018 ,17.57,17.83,17.06,17.64,0.58,729785063,0.266439504
05 Ekim 2018 ,17.57,17.57,17.06,17.64,0.58,762566003,0.278709714
04 Ekim 2018 ,17.08,17.57,17.08,17.83,0.75,745230216,0.272220769
03 Ekim 2018 ,17.74,17.08,17.73,18.37,0.64,807131006,0.295390809
02 Ekim 2018 ,18.08,17.74,18,18.77,0.77,821611368,0.300810943
01 Ekim 2018 ,18.62,18.08,18.61,19.21,0.6,684260407,0.249399203
29 Eylül 2018 ,19.09,18.62,19.01,19.27,0.26,671231576,0.244522391
28 Eylül 2018 ,19.09,19.09,19.01,19.27,0.26,673180665,0.245251953
27 Eylül 2018 ,19.1,19.09,19.08,19.54,0.46,1140148822,0.420042468
26 Eylül 2018 ,19.22,19.1,18.93,19.22,0.29,635626632,0.23119513
25 Eylül 2018 ,18.84,19.22,18.81,19.35,0.54,984873330,0.36192141
24 Eylül 2018 ,19.19,18.84,18.36,19.34,0.98,1777652988,0.658666194
22 Eylül 2018 ,18.53,19.19,18.16,18.47,0.31,892560185,0.327367743
21 Eylül 2018 ,18.53,18.53,18.16,18.53,0.37,897134946,0.329080119
20 Eylül 2018 ,18.12,18.53,18.05,18.52,0.47,870032183,0.318935303
19 Eylül 2018 ,18.4,18.12,18.23,18.52,0.29,778280860,0.284591931
18 Eylül 2018 ,18.2,18.4,17.73,18.24,0.51,1085006754,0.39940228
17 Eylül 2018 ,17.66,18.2,17.45,17.86,0.41,755867229,0.276202301
14 Eylül 2018 ,17.73,17.66,17.73,18.42,0.69,1134443687,0.417906983
13 Eylül 2018 ,18.19,17.73,17.19,18.26,1.07,2032408778,0.75402365
12 Eylül 2018 ,18,18.19,17.82,18.74,0.92,1594516617,0.59011655
11 Eylül 2018 ,17.95,18,17.04,17.97,0.93,1088504013,0.400711337
10 Eylül 2018 ,17,17.95,17,17.41,0.41,552204322,0.199969385
08 Eylül 2018 ,17.15,17,16.97,17.33,0.36,736176271,0.268831793
07 Eylül 2018 ,17.15,17.15,16.97,17.33,0.36,736176271,0.268831793
06 Eylül 2018 ,17.06,17.15,17.06,17.39,0.33,632487379,0.230020078
05 Eylül 2018 ,17.2,17.06,16.83,17.32,0.49,925121705,0.339555822
04 Eylül 2018 ,16.97,17.2,16.65,17.19,0.54,839871939,0.307646044
03 Eylül 2018 ,17.11,16.97,16.19,17.14,0.95,1017881055,0.374276508
01 Eylül 2018 ,16.28,17.11,16.24,16.61,0.37,506713943,0.182941914
31 Ağustos 2018 ,16.28,16.28,16.24,16.61,0.37,506766202,0.182961475
29 Ağustos 2018 ,16.56,16.28,16.43,16.76,0.33,739092886,0.269923509
28 Ağustos 2018 ,16.77,16.56,16.45,16.81,0.36,891427884,0.326943912
27 Ağustos 2018 ,16.48,16.77,16.22,16.66,0.44,860017037,0.315186541
21 Ağustos 2018 ,16,16.48,15.34,16.11,0.77,383229430,0.136720515
20 Ağustos 2018 ,16,16,15.34,16.11,0.77,383326070,0.136756688
18 Ağustos 2018 ,15.37,16,13.99,15.45,1.46,1456138088,0.538320183
17 Ağustos 2018 ,15.37,15.37,13.99,15.45,1.46,1456139625,0.538320758
16 Ağustos 2018 ,15.52,15.37,15.39,16.34,0.95,1069826499,0.39372017
15 Ağustos 2018 ,15.89,15.52,15.77,17.7,1.93,1807251818,0.66974531
14 Ağustos 2018 ,17.2,15.89,17.02,17.39,0.37,1104301498,0.406624482
13 Ağustos 2018 ,16.55,17.2,16.27,17.32,1.05,1928993001,0.715314165
11 Ağustos 2018 ,17.03,16.55,15.85,17.78,1.93,2224162815,0.825798966
10 Ağustos 2018 ,17.03,17.03,15.85,17.78,1.93,2224694986,0.825998162
09 Ağustos 2018 ,17.35,17.03,16.76,17.93,1.17,2689556123,1
08 Ağustos 2018 ,17.36,17.35,17.22,17.42,0.2,1123964008,0.413984342
07 Ağustos 2018 ,17.24,17.36,17.12,17.52,0.4,1850419472,0.685903364
06 Ağustos 2018 ,17,17.24,16.89,17.43,0.54,1159234552,0.427186434
04 Ağustos 2018 ,17.41,17,16.88,17.43,0.55,1392501429,0.514500391
03 Ağustos 2018 ,17.41,17.41,16.88,17.43,0.55,1392501429,0.514500391
02 Ağustos 2018 ,16.85,17.41,16.5,17.06,0.56,1336913129,0.493693174
01 Ağustos 2018 ,17.11,16.85,17.08,17.52,0.44,1271902229,0.469358991
31 Temmuz 2018 ,17.28,17.11,16.72,17.28,0.56,1417478390,0.523849499
30 Temmuz 2018 ,16.79,17.28,16.51,17.01,0.5,1143719094,0.421378854
27 Temmuz 2018 ,16.7,16.79,16.11,16.81,0.7,1642034207,0.607902825
26 Temmuz 2018 ,16.45,16.7,15.95,17.19,1.24,1340343260,0.494977104
25 Temmuz 2018 ,17.12,16.45,15.97,18.19,2.22,1954386710,0.724819266
24 Temmuz 2018 ,15.9,17.12,15.65,16.63,0.98,1543937312,0.571184247
23 Temmuz 2018 ,16.56,15.9,16.18,16.72,0.54,1608514223,0.595355984
21 Temmuz 2018 ,16.06,16.56,16.02,16.25,0.23,939169700,0.344814117
20 Temmuz 2018 ,16.06,16.06,16.02,16.25,0.23,939180942,0.344818325
19 Temmuz 2018 ,16.07,16.06,15.97,16.37,0.4,1379423512,0.509605205
18 Temmuz 2018 ,16.08,16.07,15.45,16.46,1.01,2406809608,0.894165355
17 Temmuz 2018 ,15.9,16.08,15.08,15.98,0.9,1714038290,0.634854622
16 Temmuz 2018 ,15.11,15.9,14.67,15.19,0.52,1629223814,0.603107776
14 Temmuz 2018 ,14.7,15.11,14.12,14.75,0.63,1420460055,0.524965564
13 Temmuz 2018 ,14.67,14.7,14.12,14.75,0.63,1422542770,0.525745143
12 Temmuz 2018 ,14.28,14.67,13.57,14.29,0.72,2082780683,0.772878322
11 Temmuz 2018 ,13.55,14.28,13.5,14.44,0.94,1686253557,0.624454538
10 Temmuz 2018 ,14.3,13.55,13.97,14.97,1,2065157232,0.7662817
09 Temmuz 2018 ,15.01,14.3,14.63,15.28,0.65,1752745215,0.649342983
07 Temmuz 2018 ,14.42,15.01,14.2,14.58,0.38,1084127720,0.399073249
06 Temmuz 2018 ,14.42,14.42,14.2,14.58,0.38,1156257358,0.426072042
05 Temmuz 2018 ,14.37,14.42,13.94,14.44,0.5,1469725872,0.543406216
04 Temmuz 2018 ,13.91,14.37,13.77,13.96,0.19,715037558,0.260919376
03 Temmuz 2018 ,13.8,13.91,13.71,14.01,0.3,1072712561,0.394800449
02 Temmuz 2018 ,13.99,13.8,13.43,14.02,0.59,1173906842,0.432678408
29 Haziran 2018 ,13.54,13.99,13.43,13.94,0.51,810652174,0.296708815
28 Haziran 2018 ,13.66,13.54,13.51,13.97,0.46,1301349650,0.480381434
27 Haziran 2018 ,13.78,13.66,12.84,13.83,0.99,1390167561,0.513626802
26 Haziran 2018 ,12.98,13.78,12.53,13,0.47,902941413,0.331253533
25 Haziran 2018 ,12.6,12.98,12.39,14.1,1.71,1326273524,0.489710671
22 Haziran 2018 ,12.9,12.6,12.62,13.07,0.45,717476507,0.261832298
21 Haziran 2018 ,12.96,12.9,12.6,13.07,0.47,833321046,0.305193984
20 Haziran 2018 ,12.64,12.96,12.59,13.05,0.46,898690947,0.329662544
19 Haziran 2018 ,12.84,12.64,12.3,13.01,0.71,900023350,0.330161275
18 Haziran 2018 ,12.52,12.84,12.49,12.94,0.45,475684830,0.171327429
14 Haziran 2018 ,12.86,12.52,12.64,13.07,0.43,415643780,0.148853507
13 Haziran 2018 ,12.85,12.86,12.78,13.56,0.78,890400887,0.326559498
12 Haziran 2018 ,13.25,12.85,13.11,14.03,0.92,1064225038,0.391623491
11 Haziran 2018 ,14.07,13.25,12.75,14.21,1.46,1724575898,0.638798946
08 Haziran 2018 ,13.47,14.07,13.46,15.1,1.64,1410920817,0.521394938
07 Haziran 2018 ,15.15,13.47,14.97,15.53,0.56,908466968,0.3333218
06 Haziran 2018 ,15.27,15.15,15.07,16.13,1.06,882798430,0.323713828
05 Haziran 2018 ,16,15.27,15.9,16.52,0.62,463965899,0.166940924
04 Haziran 2018 ,16.3,16,16.23,16.73,0.5,540938379,0.195752438
01 Haziran 2018 ,16.55,16.3,16.34,16.75,0.41,545420313,0.197430067
31 Mayıs 2018 ,16.65,16.55,16.39,17.49,1.1,865787560,0.317346501
30 Mayıs 2018 ,17.32,16.65,17.28,17.64,0.36,658247792,0.23966244
29 Mayıs 2018 ,17.46,17.32,17.27,17.58,0.31,659356079,0.240077282
28 Mayıs 2018 ,17.55,17.46,16.83,17.55,0.72,1074684061,0.3955384
25 Mayıs 2018 ,16.58,17.55,15.56,16.62,1.06,1205087224,0.444349514
24 Mayıs 2018 ,15.66,16.58,15.63,16.93,1.3,887986261,0.325655681
23 Mayıs 2018 ,16.66,15.66,16.39,16.78,0.39,642015547,0.23358656
22 Mayıs 2018 ,16.75,16.66,16.55,17.04,0.49,665442471,0.242355475
21 Mayıs 2018 ,16.9,16.75,16.24,16.92,0.68,751716688,0.274648715
18 Mayıs 2018 ,16.35,16.9,16.16,16.5,0.34,349354465,0.124040801
17 Mayıs 2018 ,16.25,16.35,16.22,16.66,0.44,501297514,0.180914494
16 Mayıs 2018 ,16.5,16.25,16.49,16.84,0.35,589836705,0.214055535
15 Mayıs 2018 ,16.7,16.5,16.43,16.83,0.4,594252161,0.215708281
14 Mayıs 2018 ,16.8,16.7,16.27,16.92,0.65,689665693,0.251422452
11 Mayıs 2018 ,16.3,16.8,16.3,16.6,0.3,567487920,0.205690178
10 Mayıs 2018 ,16.47,16.3,16.37,17.06,0.69,1083234255,0.398738817
09 Mayıs 2018 ,16.5,16.47,15.46,16.62,1.16,1029983055,0.378806399
08 Mayıs 2018 ,16.02,16.5,15.96,16.71,0.75,740923637,0.270608776
07 Mayıs 2018 ,16.58,16.02,16.37,16.81,0.44,752261344,0.274852585
04 Mayıs 2018 ,16.5,16.58,16.43,16.99,0.56,1082751582,0.398558148
03 Mayıs 2018 ,16.75,16.5,16.68,17.08,0.4,803966488,0.2942063
02 Mayıs 2018 ,17.08,16.75,16.57,17.08,0.51,1294915644,0.477973126
30 Nisan 2018 ,16.71,17.08,16.62,17.55,0.93,753228704,0.275214677
27 Nisan 2018 ,17.42,16.71,16.98,17.6,0.62,1326557067,0.489816804
26 Nisan 2018 ,17.06,17.42,16.89,17.47,0.58,1079528989,0.397351902
25 Nisan 2018 ,17.25,17.06,16.86,17.94,1.08,1589659035,0.588298312
24 Nisan 2018 ,17.52,17.25,17.45,18.28,0.83,1161249692,0.427940719
20 Nisan 2018 ,18.25,17.52,18.08,18.85,0.77,1188004498,0.437955291
19 Nisan 2018 ,18.87,18.25,18.64,19.08,0.44,1210610801,0.446417041
18 Nisan 2018 ,19.05,18.87,17.78,19.06,1.28,2302498134,0.855120603
17 Nisan 2018 ,18.2,19.05,18.01,19.46,1.45,1940823986,0.719742612
16 Nisan 2018 ,19.15,18.2,18.34,19.15,0.81,1060424078,0.390200756
13 Nisan 2018 ,18.26,19.15,18.1,18.76,0.66,863182121,0.316371261
12 Nisan 2018 ,18.59,18.26,18,18.87,0.87,1453356213,0.537278901
11 Nisan 2018 ,18.6,18.59,17.45,19.53,2.08,1908147010,0.707511317
10 Nisan 2018 ,19.22,18.6,18.89,19.89,1,1260469482,0.465079608
09 Nisan 2018 ,19.77,19.22,19.47,20.02,0.55,996335313,0.366211737
06 Nisan 2018 ,19.67,19.77,19.38,19.84,0.46,1206104078,0.444730132
05 Nisan 2018 ,19.46,19.67,19.11,19.62,0.51,1095673650,0.403394998
04 Nisan 2018 ,19.36,19.46,19.11,19.53,0.42,928580532,0.340850493
03 Nisan 2018 ,19.43,19.36,19.02,19.66,0.64,1516552398,0.56093382
02 Nisan 2018 ,19.04,19.43,19,19.24,0.24,489253167,0.176406183
30 Mart 2018 ,19.11,19.04,19.05,19.66,0.61,937791833,0.344298369
29 Mart 2018 ,19.41,19.11,18.57,19.41,0.84,1192301938,0.439563863
28 Mart 2018 ,18.58,19.41,18.39,19.14,0.75,1078796010,0.397077541
27 Mart 2018 ,18.94,18.58,18.9,19.6,0.7,908767158,0.333434164
26 Mart 2018 ,19.21,18.94,18.98,19.55,0.57,1491228773,0.551454952
23 Mart 2018 ,18.87,19.21,18.39,18.95,0.56,735697017,0.268652404
22 Mart 2018 ,18.8,18.87,18.78,19.15,0.37,950651080,0.349111704
21 Mart 2018 ,18.9,18.8,18.74,19.03,0.29,1022293357,0.375928074
20 Mart 2018 ,18.86,18.9,17.91,18.86,0.95,1801622332,0.667638141
19 Mart 2018 ,17.88,18.86,17.79,18.34,0.55,699013415,0.254921391
16 Mart 2018 ,18.29,17.88,18.12,18.42,0.3,760132744,0.277798923
15 Mart 2018 ,18.17,18.29,18.09,18.6,0.51,994119577,0.365382366
14 Mart 2018 ,18.35,18.17,18.01,18.67,0.66,1492747580,0.552023455
13 Mart 2018 ,18,18.35,17.37,18.11,0.74,1515428123,0.560512993
12 Mart 2018 ,17.54,18,16.8,17.57,0.77,1476029710,0.545765801
09 Mart 2018 ,16.7,17.54,16.66,17.13,0.47,934830548,0.343189932
08 Mart 2018 ,16.87,16.7,16.85,17.54,0.69,1202790769,0.44348993
07 Mart 2018 ,17.37,16.87,17.1,17.62,0.52,1769261426,0.655525154
06 Mart 2018 ,17.2,17.37,17.07,18.44,1.37,2618062248,0.973239179
05 Mart 2018 ,18.73,17.2,18.65,19.11,0.46,640086254,0.232864408
02 Mart 2018 ,18.75,18.73,18.65,19.57,0.92,1058253076,0.38938813
01 Mart 2018 ,19.54,18.75,18.87,19.56,0.69,1190775547,0.438992521
28 Şubat 2018 ,19.07,19.54,18.55,19.07,0.52,957580875,0.351705591
27 Şubat 2018 ,18.66,19.07,18.58,18.92,0.34,703827549,0.256723366
26 Şubat 2018 ,18.92,18.66,18.18,19,0.82,980902103,0.360434943
23 Şubat 2018 ,18.27,18.92,17.76,18.27,0.51,1257487950,0.463963592
22 Şubat 2018 ,17.69,18.27,17.57,17.93,0.36,895224707,0.328365099
21 Şubat 2018 ,17.65,17.69,16.98,17.69,0.71,1355772386,0.500752369
20 Şubat 2018 ,16.7,17.65,16.7,17.29,0.59,831404692,0.304476675
19 Şubat 2018 ,17.18,16.7,17.03,17.42,0.39,700382621,0.255433898
16 Şubat 2018 ,17.31,17.18,17.13,17.44,0.31,699265640,0.255015801
15 Şubat 2018 ,17.22,17.31,16.79,17.28,0.49,920245146,0.337730481
14 Şubat 2018 ,16.51,17.22,16.44,17.12,0.68,837258374,0.306667762
13 Şubat 2018 ,16.9,16.51,16.88,17.4,0.52,796793558,0.291521406
12 Şubat 2018 ,17.18,16.9,17,17.52,0.52,1091328979,0.401768748
09 Şubat 2018 ,16.91,17.18,15.85,17.02,1.17,1447300305,0.535012118
08 Şubat 2018 ,16.15,16.91,16.15,16.9,0.75,688518214,0.25099294
07 Şubat 2018 ,16.66,16.15,16.58,17.43,0.85,1051080225,0.386703265
06 Şubat 2018 ,17.13,16.66,16.48,17.45,0.97,1429269329,0.528262957
05 Şubat 2018 ,17.31,17.13,16.33,17.35,1.02,1492520518,0.551938464
02 Şubat 2018 ,16.63,17.31,16.62,16.97,0.35,631633849,0.229700594
01 Şubat 2018 ,16.78,16.63,16.56,17.07,0.51,1036032245,0.381070667
31 Ocak 2018 ,16.48,16.78,15.72,16.48,0.76,1250118804,0.461205253
30 Ocak 2018 ,15.7,16.48,15.48,15.81,0.33,879243778,0.322383289
29 Ocak 2018 ,15.66,15.7,15.4,15.72,0.32,596349099,0.216493185
26 Ocak 2018 ,15.41,15.66,15.08,15.46,0.38,550397320,0.199293007
25 Ocak 2018 ,15.19,15.41,15.1,15.63,0.53,583667189,0.211746228
24 Ocak 2018 ,15.51,15.19,15.35,15.77,0.42,601669091,0.218484507
23 Ocak 2018 ,15.62,15.51,15.49,15.83,0.34,855909736,0.31364914
22 Ocak 2018 ,15.41,15.62,15.12,15.44,0.32,592512456,0.215057094
19 Ocak 2018 ,14.99,15.41,14.95,15.56,0.61,703777688,0.256704703
18 Ocak 2018 ,15.36,14.99,15.32,15.62,0.3,757080670,0.276656503
17 Ocak 2018 ,15.45,15.36,15.34,15.75,0.41,997159195,0.366520123
16 Ocak 2018 ,15.5,15.45,14.58,15.5,0.92,1215752441,0.448341604
15 Ocak 2018 ,14.63,15.5,14.62,15.55,0.93,758460060,0.277172822
12 Ocak 2018 ,15.5,14.63,15.48,15.93,0.45,774462689,0.283162754
11 Ocak 2018 ,15.66,15.5,15.06,15.66,0.6,986616457,0.362573879
10 Ocak 2018 ,15.25,15.66,15.25,16.1,0.85,1068404413,0.39318787
09 Ocak 2018 ,16.1,15.25,16.1,16.45,0.35,565233166,0.204846202
08 Ocak 2018 ,16.29,16.1,16.29,16.55,0.26,461270256,0.16593192
05 Ocak 2018 ,16.33,16.29,16.18,16.55,0.37,905325072,0.332145759
04 Ocak 2018 ,16.29,16.33,16.18,16.51,0.33,886020698,0.324919953
03 Ocak 2018 ,16.2,16.29,15.92,16.23,0.31,646250890,0.235171888
02 Ocak 2018 ,16.08,16.2,15.67,16.18,0.51,709012777,0.258664245
29 Aralık 2017 ,15.69,16.08,15.55,15.99,0.44,643140347,0.234007583
28 Aralık 2017 ,15.72,15.69,15.42,15.82,0.4,928014842,0.34063875
27 Aralık 2017 ,15.38,15.72,14.77,15.44,0.67,812416051,0.29736905
26 Aralık 2017 ,15.12,15.38,14.89,15.14,0.25,337726644,0.1196884
25 Aralık 2017 ,15,15.12,14.72,15.33,0.61,564380645,0.204527096
22 Aralık 2017 ,15.15,15,15.08,15.77,0.69,880457052,0.322837428
21 Aralık 2017 ,15.44,15.15,14.9,15.65,0.75,1287106123,0.475049949
20 Aralık 2017 ,15.15,15.44,14.82,15.15,0.33,591011752,0.214495366
19 Aralık 2017 ,14.89,15.15,14.59,14.89,0.3,806108714,0.295008155
18 Aralık 2017 ,14.63,14.89,14.36,14.74,0.38,756739392,0.27652876
15 Aralık 2017 ,14.26,14.63,14.18,14.53,0.35,762502118,0.278685802
14 Aralık 2017 ,14.41,14.26,13.77,14.51,0.74,1198719145,0.441965883
13 Aralık 2017 ,13.65,14.41,13.64,13.97,0.33,547498204,0.198207841
12 Aralık 2017 ,13.9,13.65,13.25,14.03,0.78,1016833001,0.373884212
11 Aralık 2017 ,13.42,13.9,13.37,13.76,0.39,870049651,0.318941841
08 Aralık 2017 ,13.59,13.42,13.32,13.63,0.31,884949215,0.324518887
07 Aralık 2017 ,13.31,13.59,12.69,13.35,0.66,1097548013,0.40409659
06 Aralık 2017 ,12.73,13.31,12.57,12.84,0.27,627689444,0.228224167
05 Aralık 2017 ,12.8,12.73,12.25,12.82,0.57,1182035092,0.435720887
04 Aralık 2017 ,12.72,12.8,12.52,12.74,0.22,798494582,0.292158115
01 Aralık 2017 ,12.5,12.72,12.17,12.55,0.38,793007494,0.290104247
30 Kasım 2017 ,12.26,12.5,12.04,12.39,0.35,1413104367,0.522212262
29 Kasım 2017 ,11.9,12.26,11.19,12,0.81,1944474293,0.721108956
28 Kasım 2017 ,11.18,11.9,11.18,12.23,1.05,2052451540,0.761525842
27 Kasım 2017 ,11.84,11.18,11.38,12.01,0.63,1707554644,0.632427733
24 Kasım 2017 ,11.39,11.84,11.15,11.6,0.45,1416287672,0.523403802
23 Kasım 2017 ,11.25,11.39,11,11.29,0.29,1200691967,0.442704329
22 Kasım 2017 ,11.1,11.25,10.63,11.19,0.56,1785342042,0.661544278
21 Kasım 2017 ,10.8,11.1,10.17,10.81,0.64,1620517686,0.599848992
20 Kasım 2017 ,10.27,10.8,10.08,10.48,0.4,1048654506,0.385795296
17 Kasım 2017 ,10.46,10.27,10.01,10.5,0.49,1337118973,0.493770223
16 Kasım 2017 ,10.1,10.46,9.94,10.32,0.38,939241944,0.344841159
15 Kasım 2017 ,10.1,10.1,9.86,10.69,0.83,1805884328,0.669233446
14 Kasım 2017 ,10.44,10.1,9.74,10.5,0.76,1669002580,0.617997338
13 Kasım 2017,9.79,10.44,9.63,10.09,0.46,1631491653,0.603956649
10 Kasım 2017 ,10.01,9.79,9.96,10.57,0.61,1397100710,0.516221944
09 Kasım 2017 ,10.51,10.01,10.38,10.86,0.48,1605707199,0.594305289
08 Kasım 2017 ,10.55,10.51,10.22,10.76,0.54,1687124409,0.624780506
07 Kasım 2017 ,10.58,10.55,10.58,11.16,0.58,1666781344,0.617165908
06 Kasım 2017 ,11.05,10.58,10.49,11.6,1.11,1449121970,0.535693985
03 Kasım 2017 ,10.43,11.05,10.31,10.6,0.29,772030610,0.282252405
02 Kasım 2017 ,10.46,10.43,10.4,10.66,0.26,660153923,0.240375923
01 Kasım 2017 ,10.51,10.46,10.41,10.67,0.26,1231561453,0.454259064
31 Ekim 2017 ,10.38,10.51,10.23,10.47,0.24,927404788,0.340410402
30 Ekim 2017 ,10.21,10.38,10.15,10.34,0.19,871962471,0.319657828
27 Ekim 2017 ,10.1,10.21,9.88,10.11,0.23,1034123103,0.380356057
26 Ekim 2017,9.87,10.1,9.87,10.19,0.32,1101254362,0.40548391
25 Ekim 2017 ,10.04,9.87,9.9,10.1,0.2,918047406,0.336907847
24 Ekim 2017,9.88,10.04,9.88,10.06,0.18,1133363803,0.417502772
23 Ekim 2017,9.88,9.88,9.74,10.08,0.34,1243107340,0.458580797
20 Ekim 2017,9.88,9.88,9.84,10.2,0.36,1482725513,0.548272103
19 Ekim 2017,9.94,9.88,9.6,9.95,0.35,1107087700,0.407667383
18 Ekim 2017,9.6,9.94,9.5,9.64,0.14,880168357,0.322729367
17 Ekim 2017,9.49,9.6,9.35,9.58,0.23,902026844,0.330911202
16 Ekim 2017,9.35,9.49,9.2,9.35,0.15,1059514100,0.389860143
13 Ekim 2017,9.15,9.35,9.08,9.24,0.16,1228157909,0.452985086
12 Ekim 2017,9.13,9.15,8.98,9.13,0.15,1144836521,0.421797117
11 Ekim 2017,8.85,9.13,8.58,9.01,0.43,2289669781,0.850318831
10 Ekim 2017,8.66,8.85,8.56,8.72,0.16,1350537058,0.498792737
09 Ekim 2017,8.43,8.66,8.27,8.68,0.41,1964242421,0.72850835
06 Ekim 2017,9.29,8.43,9.07,9.3,0.23,881770229,0.323328963
05 Ekim 2017,9.14,9.29,9.08,9.27,0.19,620120319,0.225390973
04 Ekim 2017,9.18,9.14,9.01,9.27,0.26,1210491429,0.446372358
03 Ekim 2017,8.94,9.18,8.88,9.11,0.23,794802702,0.29077621
02 Ekim 2017,9.06,8.94,8.76,9.07,0.31,670902014,0.244399033
29 Eylül 2017,8.75,9.06,8.73,8.97,0.24,803311241,0.293961035
28 Eylül 2017,8.91,8.75,8.62,8.94,0.32,890887928,0.326741802
27 Eylül 2017,8.6,8.91,8.54,9.04,0.5,1013401148,0.372599637
26 Eylül 2017,9,8.6,8.78,9.07,0.29,987468387,0.362892764
25 Eylül 2017,8.77,9,8.77,9.32,0.55,1108095789,0.40804472
22 Eylül 2017,9.38,8.77,9.22,9.38,0.16,666376966,0.242705265
21 Eylül 2017,9.24,9.38,9.22,9.42,0.2,741141287,0.270690244
20 Eylül 2017,9.32,9.24,9.06,9.39,0.33,906142266,0.332451642
19 Eylül 2017,9.21,9.32,9.07,9.53,0.46,1024588589,0.3767872
18 Eylül 2017,9.27,9.21,9.26,9.87,0.61,997800865,0.366760306
15 Eylül 2017,9.81,9.27,9.8,10.04,0.24,650937986,0.236926312
14 Eylül 2017,9.92,9.81,9.88,10.13,0.25,565084050,0.204790387
13 Eylül 2017 ,10.03,9.92,10.03,10.41,0.38,625575652,0.227432955
12 Eylül 2017 ,10.47,10.03,10.13,10.54,0.41,1179947021,0.434939303
11 Eylül 2017 ,10.23,10.47,9.94,10.24,0.3,852137026,0.31223698
08 Eylül 2017,9.89,10.23,9.85,10.09,0.24,486056101,0.175209492
07 Eylül 2017 ,10.04,9.89,9.8,10.05,0.25,846650469,0.31018331
06 Eylül 2017,9.83,10.04,9.7,9.85,0.15,445255860,0.159937583
05 Eylül 2017,9.71,9.83,9.7,9.9,0.2,461583528,0.166049181
31 Ağustos 2017,9.76,9.71,9.75,9.8,0.05,112577592,0.03541302
29 Ağustos 2017,9.77,9.76,9.71,9.88,0.17,463106944,0.16661941
28 Ağustos 2017,9.88,9.77,9.7,9.89,0.19,635993090,0.231332298
25 Ağustos 2017,9.66,9.88,9.59,9.72,0.13,642681978,0.233836011
24 Ağustos 2017,9.52,9.66,9.47,9.69,0.22,759497737,0.277561234
23 Ağustos 2017,9.46,9.52,9.45,9.61,0.16,595314890,0.216106071
22 Ağustos 2017,9.56,9.46,9.32,9.61,0.29,852930141,0.31253385
21 Ağustos 2017,9.39,9.56,9.23,9.4,0.17,415129676,0.148661073
18 Ağustos 2017,9.26,9.39,9.13,9.3,0.17,438445997,0.157388588
17 Ağustos 2017,9.3,9.26,9.29,9.43,0.14,681131500,0.248228024
16 Ağustos 2017,9.3,9.3,9.08,9.46,0.38,957836721,0.351801356
15 Ağustos 2017,9.28,9.3,9.17,9.7,0.53,971056847,0.356749772
14 Ağustos 2017,9.5,9.28,9.05,9.56,0.51,1146645394,0.422474195
11 Ağustos 2017,9,9.5,8.73,9,0.27,682495089,0.248738428
10 Ağustos 2017,8.84,9,8.84,9,0.16,308148071,0.108616865
09 Ağustos 2017,8.92,8.84,8.89,9.02,0.13,381772124,0.136175032
08 Ağustos 2017,9.05,8.92,9.01,9.1,0.09,416809678,0.149289913
07 Ağustos 2017,9.07,9.05,8.95,9.07,0.12,538944535,0.195006124
04 Ağustos 2017,8.87,9.07,8.68,8.87,0.19,573540778,0.207955819
03 Ağustos 2017,8.67,8.87,8.62,8.72,0.1,462580804,0.16642247
02 Ağustos 2017,8.66,8.67,8.63,8.74,0.11,462531529,0.166404026
01 Ağustos 2017,8.64,8.66,8.64,8.89,0.25,482017670,0.17369787
31 Temmuz 2017,8.83,8.64,8.68,8.83,0.15,454697757,0.163471773
28 Temmuz 2017,8.66,8.83,8.62,8.75,0.13,456382011,0.164102205
27 Temmuz 2017,8.78,8.66,8.74,8.82,0.08,446343138,0.160344561
26 Temmuz 2017,8.69,8.78,8.69,8.84,0.15,355784250,0.126447529
25 Temmuz 2017,8.79,8.69,8.76,8.9,0.14,434537068,0.15592544
24 Temmuz 2017,8.84,8.79,8.84,8.95,0.11,501701493,0.181065707
21 Temmuz 2017,8.84,8.84,8.61,8.86,0.25,863441375,0.316468302
20 Temmuz 2017,8.74,8.84,8.72,9.01,0.29,926072508,0.339911717
19 Temmuz 2017,8.96,8.74,8.91,9.01,0.1,722611855,0.263754506
18 Temmuz 2017,8.86,8.96,8.8,8.94,0.14,546433722,0.197809396
17 Temmuz 2017,8.94,8.86,8.84,8.95,0.11,484471915,0.174616516
14 Temmuz 2017,8.83,8.94,8.75,8.87,0.12,489266441,0.176411152
13 Temmuz 2017,8.76,8.83,8.61,8.8,0.19,565515460,0.204951868
12 Temmuz 2017,8.6,8.76,8.57,8.7,0.13,481141983,0.173370092
11 Temmuz 2017,8.62,8.6,8.56,8.76,0.2,820714838,0.300475363
10 Temmuz 2017,8.67,8.62,8.45,8.68,0.23,791671685,0.289604241
07 Temmuz 2017,8.38,8.67,8.31,8.49,0.18,700303538,0.255404296
06 Temmuz 2017,8.31,8.38,8.17,8.37,0.2,747799251,0.273182382
05 Temmuz 2017,8.23,8.31,8.21,8.39,0.18,515752787,0.186325237
04 Temmuz 2017,8.35,8.23,8.13,8.38,0.25,1021677079,0.375697395
03 Temmuz 2017,8.06,8.35,8.06,8.16,0.1,426657036,0.152975871
30 Haziran 2017,8.05,8.06,7.84,8.07,0.23,589017640,0.213748952
29 Haziran 2017,7.81,8.05,7.76,8.13,0.37,764535390,0.279446874
28 Haziran 2017,7.99,7.81,7.74,8.03,0.29,638951545,0.232439676
23 Haziran 2017,7.77,7.99,7.58,7.77,0.19,383020581,0.136642341
22 Haziran 2017,7.6,7.77,7.49,7.6,0.11,362505581,0.128963386
21 Haziran 2017,7.45,7.6,7.37,7.48,0.11,313341368,0.110560765
20 Haziran 2017,7.41,7.45,7.36,7.51,0.15,342661466,0.121535549
19 Haziran 2017,7.45,7.41,7.33,7.45,0.12,310661584,0.109557697
16 Haziran 2017,7.27,7.45,7.27,7.43,0.16,288182546,0.101143584
15 Haziran 2017,7.36,7.27,7.33,7.47,0.14,314730590,0.111080763
14 Haziran 2017,7.44,7.36,7.31,7.45,0.14,483655955,0.174311095
13 Haziran 2017,7.31,7.44,7.24,7.44,0.2,517374927,0.186932419
12 Haziran 2017,7.38,7.31,7.34,7.48,0.14,358875155,0.127604484
09 Haziran 2017,7.39,7.38,7.35,7.46,0.11,390978380,0.139621019
08 Haziran 2017,7.33,7.39,7.31,7.47,0.16,452926044,0.162808604
07 Haziran 2017,7.42,7.33,7.4,7.61,0.21,753074336,0.275156895
06 Haziran 2017,7.49,7.42,7.36,7.52,0.16,574574039,0.208342578
05 Haziran 2017,7.42,7.49,7.22,7.48,0.26,1015782064,0.373490836
02 Haziran 2017,7.27,7.42,7.15,7.31,0.16,575479916,0.208681656
01 Haziran 2017,7.15,7.27,7.09,7.27,0.18,400759571,0.143282209
31 Mayıs 2017,7.24,7.15,7.21,7.34,0.13,394013953,0.140757262
30 Mayıs 2017,7.24,7.24,7.18,7.33,0.15,505540615,0.182502726
29 Mayıs 2017,7.31,7.24,7.27,7.36,0.09,296663515,0.104318089
26 Mayıs 2017,7.28,7.31,7.23,7.32,0.09,395569645,0.141339572
25 Mayıs 2017,7.29,7.28,7.14,7.34,0.2,624450137,0.227011664
24 Mayıs 2017,7.14,7.29,7.11,7.27,0.16,769180142,0.281185448
23 Mayıs 2017,7.08,7.14,6.83,7.09,0.26,676660166,0.246554362
22 Mayıs 2017,6.85,7.08,6.77,6.92,0.15,489140911,0.176364165
18 Mayıs 2017,6.69,6.85,6.64,6.79,0.15,453346961,0.162966157
17 Mayıs 2017,6.77,6.69,6.66,6.9,0.24,977032398,0.358986477
16 Mayıs 2017,6.72,6.77,6.66,6.78,0.12,578121185,0.209670307
15 Mayıs 2017,6.66,6.72,6.57,6.67,0.1,417824652,0.149669827
12 Mayıs 2017,6.5,6.66,6.48,6.62,0.14,380908554,0.135851789
11 Mayıs 2017,6.5,6.5,6.47,6.73,0.26,702760614,0.256324002
10 Mayıs 2017,6.65,6.5,6.39,6.76,0.37,612472384,0.22252828
09 Mayıs 2017,6.44,6.65,6.39,6.5,0.11,596792030,0.216658978
08 Mayıs 2017,6.43,6.44,6.14,6.47,0.33,1185734154,0.437105481
05 Mayıs 2017,6.13,6.43,6.12,6.19,0.07,296725023,0.104341112
04 Mayıs 2017,6.14,6.13,6.11,6.19,0.08,366041843,0.130287041
03 Mayıs 2017,6.11,6.14,6.07,6.16,0.09,430420002,0.154384384
02 Mayıs 2017,6.07,6.11,6.06,6.14,0.08,355718715,0.126422999
28 Nisan 2017,6.06,6.07,6,6.14,0.14,493961591,0.17816859
27 Nisan 2017,6.06,6.06,6.06,6.22,0.16,673055933,0.245205265
26 Nisan 2017,6.1,6.06,5.9,6.18,0.28,954845649,0.35068177
25 Nisan 2017,5.92,6.1,5.82,5.95,0.13,462233741,0.166292562
24 Nisan 2017,5.92,5.92,5.72,5.95,0.23,862315626,0.316046924
21 Nisan 2017,5.67,5.92,5.59,5.68,0.09,468918574,0.168794757
20 Nisan 2017,5.59,5.67,5.55,5.6,0.05,315304631,0.111295632
19 Nisan 2017,5.51,5.59,5.48,5.61,0.13,425501486,0.152543338
18 Nisan 2017,5.55,5.51,5.52,5.57,0.05,249460933,0.086649725
17 Nisan 2017,5.53,5.55,5.5,5.6,0.1,287326930,0.100823319
14 Nisan 2017,5.48,5.53,5.42,5.51,0.09,245413559,0.085134755
13 Nisan 2017,5.45,5.48,5.45,5.6,0.15,335381712,0.11881067
12 Nisan 2017,5.56,5.45,5.56,5.61,0.05,198376674,0.067528413
11 Nisan 2017,5.55,5.56,5.55,5.63,0.08,429858880,0.154174351
10 Nisan 2017,5.59,5.55,5.45,5.65,0.2,536590394,0.194124947
07 Nisan 2017,5.43,5.59,5.42,5.47,0.05,180391575,0.060796423
06 Nisan 2017,5.45,5.43,5.44,5.49,0.05,196631785,0.066875285
05 Nisan 2017,5.48,5.45,5.46,5.52,0.06,146947670,0.048278059
04 Nisan 2017,5.5,5.48,5.38,5.52,0.14,312201249,0.110134007
03 Nisan 2017,5.4,5.5,5.4,5.49,0.09,206772294,0.070670971
31 Mart 2017,5.47,5.4,5.45,5.53,0.08,228796163,0.07891471
30 Mart 2017,5.47,5.47,5.46,5.51,0.05,171247020,0.057373531
29 Mart 2017,5.46,5.47,5.46,5.52,0.06,305306331,0.107553176
28 Mart 2017,5.55,5.46,5.54,5.62,0.08,516019112,0.186424925
27 Mart 2017,5.54,5.55,5.51,5.6,0.09,418335497,0.149861041
24 Mart 2017,5.53,5.54,5.49,5.57,0.08,520120877,0.187960254
23 Mart 2017,5.49,5.53,5.43,5.56,0.13,605253604,0.219826224
22 Mart 2017,5.5,5.49,5.48,5.66,0.18,776975153,0.284103193
21 Mart 2017,5.74,5.5,5.73,5.93,0.2,595398553,0.216137387
20 Mart 2017,5.91,5.74,5.86,5.94,0.08,300055747,0.105587833
17 Mart 2017,5.89,5.91,5.84,5.97,0.13,351084634,0.124688419
16 Mart 2017,5.92,5.89,5.89,5.99,0.1,524709513,0.189677823
15 Mart 2017,5.86,5.92,5.8,5.98,0.18,734205942,0.26809428
14 Mart 2017,5.81,5.86,5.61,5.82,0.21,693465478,0.252844747
13 Mart 2017,5.65,5.81,5.61,5.69,0.08,380138687,0.135563621
10 Mart 2017,5.61,5.65,5.53,5.63,0.1,242432619,0.084018962
09 Mart 2017,5.51,5.61,5.51,5.6,0.09,195045510,0.066281527
08 Mart 2017,5.57,5.51,5.54,5.69,0.15,257589598,0.08969236
07 Mart 2017,5.66,5.57,5.65,5.73,0.08,281180469,0.098522642
06 Mart 2017,5.7,5.66,5.68,5.76,0.08,327689471,0.115931393
05 Mart 2017,5.7,5.7,5.67,5.75,0.08,329801188,0.116721828
03 Mart 2017,5.7,5.7,5.67,5.75,0.08,329801188,0.116721828
02 Mart 2017,5.71,5.7,5.66,5.76,0.1,396223134,0.141584179
01 Mart 2017,5.68,5.71,5.45,5.69,0.24,500061046,0.180451673
28 Şubat 2017,5.46,5.68,5.41,5.56,0.15,340071746,0.120566193
27 Şubat 2017,5.54,5.46,5.53,5.67,0.14,249251112,0.086571187
24 Şubat 2017,5.65,5.54,5.63,5.79,0.16,492949499,0.177789755
23 Şubat 2017,5.74,5.65,5.71,5.78,0.07,301005036,0.105943161
22 Şubat 2017,5.71,5.74,5.69,5.8,0.11,347218951,0.123241458
21 Şubat 2017,5.72,5.71,5.72,5.76,0.04,151684597,0.050051135
20 Şubat 2017,5.72,5.72,5.71,5.79,0.08,320657319,0.113299193
17 Şubat 2017,5.71,5.72,5.67,5.72,0.05,260067903,0.090620012
16 Şubat 2017,5.68,5.71,5.65,5.73,0.08,314135798,0.110858127
15 Şubat 2017,5.64,5.68,5.58,5.7,0.12,511829563,0.184856738
14 Şubat 2017,5.74,5.64,5.69,5.78,0.09,518647592,0.18740879
13 Şubat 2017,5.72,5.74,5.61,5.75,0.14,384858185,0.137330173
10 Şubat 2017,5.58,5.72,5.58,5.79,0.21,383665097,0.136883589
09 Şubat 2017,5.75,5.58,5.7,5.82,0.12,559639101,0.202752292
08 Şubat 2017,5.75,5.75,5.57,5.76,0.19,623187337,0.226538986
07 Şubat 2017,5.56,5.75,5.52,5.61,0.09,372038959,0.132531818
06 Şubat 2017,5.6,5.56,5.6,5.78,0.18,538228347,0.194738048
03 Şubat 2017,5.68,5.6,5.63,5.71,0.08,378090717,0.134797047
02 Şubat 2017,5.68,5.68,5.65,5.74,0.09,674038939,0.245573213
01 Şubat 2017,5.65,5.68,5.51,5.66,0.15,475589441,0.171291724
31 Ocak 2017,5.54,5.65,5.52,5.67,0.15,718345039,0.262157397
30 Ocak 2017,5.6,5.54,5.37,5.64,0.27,781530755,0.285808397
27 Ocak 2017,5.35,5.6,5.35,5.49,0.14,376976645,0.134380039
26 Ocak 2017,5.47,5.35,5.36,5.53,0.17,463955569,0.166937058
25 Ocak 2017,5.36,5.47,5.36,5.57,0.21,528810085,0.191212705
24 Ocak 2017,5.5,5.36,5.18,5.5,0.32,842238626,0.308531917
23 Ocak 2017,5.2,5.5,5.17,5.24,0.07,232117401,0.08015788
20 Ocak 2017,5.19,5.2,5.12,5.2,0.08,299317353,0.105311446
19 Ocak 2017,5.15,5.19,5.13,5.25,0.12,313444813,0.110599485
18 Ocak 2017,5.22,5.15,5.18,5.25,0.07,424027480,0.151991604
17 Ocak 2017,5.17,5.22,5.07,5.18,0.11,521168272,0.188352303
16 Ocak 2017,5.1,5.17,5.03,5.15,0.12,420814880,0.150789098
13 Ocak 2017,5.01,5.1,4.95,5.11,0.16,654850658,0.238390861
12 Ocak 2017,4.97,5.01,4.83,5.02,0.19,525832567,0.190098192
11 Ocak 2017,4.82,4.97,4.76,4.85,0.09,289922266,0.101794777
10 Ocak 2017,4.83,4.82,4.82,4.89,0.07,229485638,0.079172787
09 Ocak 2017,4.88,4.83,4.85,4.91,0.06,185811891,0.062825298
06 Ocak 2017,4.94,4.88,4.91,5,0.09,218343445,0.07500216
05 Ocak 2017,4.96,4.94,4.79,4.98,0.19,418602712,0.149961062
04 Ocak 2017,4.82,4.96,4.82,4.91,0.09,146541382,0.048125982
03 Ocak 2017,4.88,4.82,4.88,4.99,0.11,273815329,0.095765801
02 Ocak 2017,4.97,4.88,4.95,5,0.05,120532276,0.038390532
30 Aralık 2016,5.01,4.97,4.99,5.05,0.06,149143255,0.049099887
29 Aralık 2016,5.03,5.01,5,5.06,0.06,132315849,0.042801233
28 Aralık 2016,5.04,5.03,4.93,5.04,0.11,197454081,0.067183078
27 Aralık 2016,4.95,5.04,4.91,4.98,0.07,106921027,0.033295715
26 Aralık 2016,4.97,4.95,4.94,4.99,0.05,31248139,0.004970651
23 Aralık 2016,4.94,4.97,4.94,5.02,0.08,106664220,0.03319959
22 Aralık 2016,4.99,4.94,4.98,5.07,0.09,138111370,0.04497055
21 Aralık 2016,5.05,4.99,5.03,5.09,0.06,154043376,0.050934048
20 Aralık 2016,5.06,5.05,4.98,5.06,0.08,253988485,0.08834443
19 Aralık 2016,5.01,5.06,4.94,5.04,0.1,298028845,0.104829145
16 Aralık 2016,4.94,5.01,4.93,4.99,0.06,211349839,0.072384389
15 Aralık 2016,4.96,4.94,4.76,4.97,0.21,345294576,0.122521147
14 Aralık 2016,4.8,4.96,4.79,4.84,0.05,143456282,0.0469712
13 Aralık 2016,4.81,4.8,4.75,4.83,0.08,261128065,0.091016841
12 Aralık 2016,4.77,4.81,4.66,4.78,0.12,222726360,0.076642726
09 Aralık 2016,4.78,4.77,4.78,4.87,0.09,220946310,0.075976437
08 Aralık 2016,4.84,4.78,4.81,4.92,0.11,254906131,0.088687913
07 Aralık 2016,4.87,4.84,4.78,4.9,0.12,380672112,0.135763287
06 Aralık 2016,4.83,4.87,4.71,4.85,0.14,302843609,0.106631356
05 Aralık 2016,4.71,4.83,4.67,4.78,0.11,313054243,0.110453291
02 Aralık 2016,4.79,4.71,4.56,4.84,0.28,365230718,0.12998343
01 Aralık 2016,4.63,4.79,4.54,4.83,0.29,344314197,0.122154182
30 Kasım 2016,4.81,4.63,4.78,4.99,0.21,343628307,0.121897447
29 Kasım 2016,4.96,4.81,4.95,5.04,0.09,239722747,0.083004631
28 Kasım 2016,5.04,4.96,5.01,5.1,0.09,225170208,0.077557481
25 Kasım 2016,5.04,5.04,4.98,5.07,0.09,174279389,0.058508575
24 Kasım 2016,5.02,5.04,4.99,5.15,0.16,283539774,0.099405751
23 Kasım 2016,5.12,5.02,5.09,5.25,0.16,208298112,0.071242099
22 Kasım 2016,5.22,5.12,5.22,5.27,0.05,170497786,0.057093086
21 Kasım 2016,5.26,5.22,5.22,5.33,0.11,385337236,0.137509486
18 Kasım 2016,5.16,5.26,5.11,5.17,0.06,203705206,0.069522932
17 Kasım 2016,5.14,5.16,5.13,5.22,0.09,165570723,0.055248841
16 Kasım 2016,5.17,5.14,5.16,5.26,0.1,160686598,0.053420667
15 Kasım 2016,5.23,5.17,5.19,5.24,0.05,144436589,0.047338138
14 Kasım 2016,5.18,5.23,5.17,5.27,0.1,210867220,0.07220374
11 Kasım 2016,5.22,5.18,5.21,5.29,0.08,164779039,0.054952506
10 Kasım 2016,5.25,5.22,5.25,5.41,0.16,342276997,0.121391639
09 Kasım 2016,5.35,5.25,5.12,5.37,0.25,306125513,0.107859803
08 Kasım 2016,5.28,5.35,5.2,5.31,0.11,276805884,0.096885194
07 Kasım 2016,5.3,5.28,5.15,5.3,0.15,292258681,0.102669319
04 Kasım 2016,5.08,5.3,5.06,5.28,0.22,373600905,0.133116468
03 Kasım 2016,5.34,5.08,5.32,5.44,0.12,214972747,0.073740477
02 Kasım 2016,5.4,5.34,5.35,5.42,0.07,202047804,0.068902551
01 Kasım 2016,5.37,5.4,5.37,5.53,0.16,335720504,0.118937483
31 Ekim 2016,5.44,5.37,5.41,5.5,0.09,206408631,0.070534849
28 Ekim 2016,5.47,5.44,5.44,5.52,0.08,128563751,0.041396788
27 Ekim 2016,5.51,5.47,5.5,5.61,0.11,196233868,0.06672634
26 Ekim 2016,5.59,5.51,5.56,5.65,0.09,193296851,0.065626988
25 Ekim 2016,5.62,5.59,5.62,5.74,0.12,319909067,0.113019115
24 Ekim 2016,5.71,5.62,5.61,5.74,0.13,261262723,0.091067244
21 Ekim 2016,5.58,5.71,5.58,5.64,0.06,174573358,0.058618611
20 Ekim 2016,5.64,5.58,5.59,5.71,0.12,394020184,0.140759594
19 Ekim 2016,5.59,5.64,5.53,5.63,0.1,390009427,0.139258331
18 Ekim 2016,5.55,5.59,5.47,5.57,0.1,417599663,0.149585612
17 Ekim 2016,5.51,5.55,5.38,5.52,0.14,255278569,0.08882732
14 Ekim 2016,5.42,5.51,5.38,5.46,0.08,195924612,0.066610583
13 Ekim 2016,5.43,5.42,5.43,5.5,0.07,409007970,0.146369662
12 Ekim 2016,5.44,5.43,5.38,5.45,0.07,431925918,0.154948062
11 Ekim 2016,5.36,5.44,5.29,5.36,0.07,311544741,0.10988827
10 Ekim 2016,5.33,5.36,5.28,5.37,0.09,387504666,0.138320775
07 Ekim 2016,5.27,5.33,5.23,5.35,0.12,221148228,0.076052017
06 Ekim 2016,5.31,5.27,5.31,5.42,0.11,354662244,0.126027552
05 Ekim 2016,5.35,5.31,5.13,5.35,0.22,548508938,0.198586168
04 Ekim 2016,5.14,5.35,5.13,5.19,0.06,208927360,0.071477632
03 Ekim 2016,5.15,5.14,5.14,5.19,0.05,125895653,0.040398094
30 Eylül 2016,5.14,5.15,5.13,5.16,0.03,116796990,0.03699238
29 Eylül 2016,5.16,5.14,5.13,5.21,0.08,253360873,0.088109509
28 Eylül 2016,5.16,5.16,5.14,5.19,0.05,181048188,0.0610422
27 Eylül 2016,5.13,5.16,5.12,5.18,0.06,169778050,0.056823682
26 Eylül 2016,5.12,5.13,5.09,5.15,0.06,305899429,0.107775178
23 Eylül 2016,5.34,5.12,5.31,5.42,0.11,470884694,0.169530694
22 Eylül 2016,5.32,5.34,5.23,5.32,0.09,433787794,0.15564498
21 Eylül 2016,5.2,5.32,5.19,5.23,0.04,192554343,0.06534906
20 Eylül 2016,5.18,5.2,5.16,5.26,0.1,289238517,0.101538844
19 Eylül 2016,5.17,5.18,5.15,5.19,0.04,169531486,0.056731391
16 Eylül 2016,5.13,5.17,5.11,5.34,0.23,234274617,0.080965346
09 Eylül 2016,5.28,5.13,5.18,5.39,0.21,607998796,0.220853774
08 Eylül 2016,5.17,5.28,5.13,5.21,0.08,203353984,0.069391466
07 Eylül 2016,5.14,5.17,5.13,5.21,0.08,135316172,0.043924282
06 Eylül 2016,5.18,5.14,5.18,5.27,0.09,197461425,0.067185826
05 Eylül 2016,5.25,5.18,5.18,5.26,0.08,192040849,0.065156855
02 Eylül 2016,5.18,5.25,5.14,5.2,0.06,171200546,0.057356136
01 Eylül 2016,5.15,5.18,5.12,5.19,0.07,164979648,0.055027596
31 Ağustos 2016,5.16,5.15,5.13,5.19,0.06,172225285,0.057739705
29 Ağustos 2016,5.16,5.16,5.15,5.26,0.11,228911869,0.07895802
26 Ağustos 2016,5.15,5.16,5.08,5.17,0.09,120816753,0.038497014
25 Ağustos 2016,5.13,5.15,5.12,5.21,0.09,174166394,0.05846628
24 Ağustos 2016,5.14,5.13,5.04,5.17,0.13,243262776,0.084329697
23 Ağustos 2016,5.26,5.14,5.26,5.37,0.11,268376027,0.09372982
22 Ağustos 2016,5.28,5.26,5.25,5.38,0.13,338590440,0.120011727
19 Ağustos 2016,5.41,5.28,5.27,5.42,0.15,309933709,0.109285246
18 Ağustos 2016,5.32,5.41,5.28,5.42,0.14,231490077,0.079923067
17 Ağustos 2016,5.36,5.32,5.32,5.41,0.09,278277126,0.097435893
16 Ağustos 2016,5.32,5.36,5.3,5.53,0.23,448443546,0.161130764
15 Ağustos 2016,5.59,5.32,5.58,5.67,0.09,221361402,0.07613181
12 Ağustos 2016,5.62,5.59,5.61,5.74,0.13,365598898,0.130121243
11 Ağustos 2016,5.71,5.62,5.6,5.72,0.12,415717617,0.148881145
10 Ağustos 2016,5.61,5.71,5.58,5.84,0.26,476491267,0.171629286
09 Ağustos 2016,5.73,5.61,5.48,5.89,0.41,1132016258,0.416998374
08 Ağustos 2016,5.46,5.73,5.2,5.47,0.27,538135707,0.194703372
05 Ağustos 2016,5.15,5.46,5.12,5.22,0.1,170967739,0.057268994
04 Ağustos 2016,5.15,5.15,5.08,5.15,0.07,173039260,0.058044383
03 Ağustos 2016,5.1,5.15,5.07,5.22,0.15,183214844,0.061853199
02 Ağustos 2016,5.2,5.1,5.19,5.29,0.1,249281174,0.086582439
01 Ağustos 2016,5.22,5.2,5.19,5.25,0.06,199789347,0.068057189
29 Temmuz 2016,5.17,5.22,5.1,5.2,0.1,203991169,0.06962997
28 Temmuz 2016,5.15,5.17,5.14,5.22,0.08,199594736,0.067984345
27 Temmuz 2016,5.15,5.15,5.08,5.18,0.1,206372570,0.070521351
26 Temmuz 2016,5.08,5.15,5.06,5.19,0.13,252592180,0.08782178
25 Temmuz 2016,5.15,5.08,4.99,5.17,0.18,248809518,0.086405894
22 Temmuz 2016,4.95,5.15,4.86,5.02,0.16,305145123,0.107492834
21 Temmuz 2016,4.87,4.95,4.81,4.99,0.18,378288034,0.134870904
20 Temmuz 2016,5.05,4.87,5.03,5.2,0.17,334476582,0.118471871
19 Temmuz 2016,5.12,5.05,5.11,5.31,0.2,850863178,0.311760167
18 Temmuz 2016,5.21,5.12,4.84,5.72,0.88,912682589,0.334899746
15 Temmuz 2016,5.96,5.21,5.93,6.02,0.09,385356081,0.13751654
14 Temmuz 2016,6.03,5.96,5.95,6.07,0.12,538203205,0.194728637
13 Temmuz 2016,6,6.03,5.93,6.07,0.14,758230090,0.277086742
12 Temmuz 2016,5.93,6,5.76,5.96,0.2,815154886,0.298394221
11 Temmuz 2016,5.81,5.93,5.63,5.82,0.19,388897027,0.138841949
08 Temmuz 2016,5.62,5.81,5.61,5.74,0.13,317823820,0.112238588
04 Temmuz 2016,5.73,5.62,5.71,5.75,0.04,46992943,0.010864077
01 Temmuz 2016,5.73,5.73,5.71,5.77,0.06,196185362,0.066708184
30 Haziran 2016,5.72,5.73,5.72,5.85,0.13,313072595,0.11046016
29 Haziran 2016,5.81,5.72,5.76,5.93,0.17,598953669,0.217468099
28 Haziran 2016,5.97,5.81,5.94,6.08,0.14,595591309,0.216209537
27 Haziran 2016,5.89,5.97,5.67,5.93,0.26,621958551,0.22607904
24 Haziran 2016,5.67,5.89,5.48,5.69,0.21,334416602,0.11844942
23 Haziran 2016,5.83,5.67,5.78,5.87,0.09,367965488,0.13100708
22 Haziran 2016,5.81,5.83,5.81,5.97,0.16,298222298,0.104901556
21 Haziran 2016,5.92,5.81,5.74,5.97,0.23,559222262,0.202596265
20 Haziran 2016,5.77,5.92,5.74,5.81,0.07,269312689,0.094080421
17 Haziran 2016,5.72,5.77,5.7,5.81,0.11,234110574,0.080903943
16 Haziran 2016,5.74,5.72,5.72,5.8,0.08,185565795,0.062733182
15 Haziran 2016,5.82,5.74,5.81,5.93,0.12,378337400,0.134889383
14 Haziran 2016,5.85,5.82,5.72,5.96,0.24,576443077,0.209042176
13 Haziran 2016,5.77,5.85,5.68,5.86,0.18,422372797,0.15137224
10 Haziran 2016,5.9,5.77,5.91,6.07,0.16,349899074,0.124244653
09 Haziran 2016,6.06,5.9,6.04,6.16,0.12,339349440,0.120295827
08 Haziran 2016,6.09,6.06,6.06,6.14,0.08,361328401,0.128522756
07 Haziran 2016,6.1,6.09,6.08,6.27,0.19,473436416,0.170485827
06 Haziran 2016,6.22,6.1,6.22,6.28,0.06,340313411,0.120656651
03 Haziran 2016,6.22,6.22,6.1,6.24,0.14,417692756,0.149620458
02 Haziran 2016,6.12,6.22,6.1,6.2,0.1,231836237,0.080052638
01 Haziran 2016,6.13,6.12,6.14,6.27,0.13,272431774,0.095247924
31 Mayıs 2016,6.22,6.13,6.24,6.37,0.13,364075876,0.129551162
30 Mayıs 2016,6.33,6.22,6.17,6.33,0.16,340689508,0.120797427
27 Mayıs 2016,6.17,6.33,6.15,6.25,0.1,244578903,0.084822336
26 Mayıs 2016,6.21,6.17,6.12,6.25,0.13,496152996,0.178988854
25 Mayıs 2016,6.23,6.21,6.22,6.31,0.09,446012625,0.160220847
24 Mayıs 2016,6.26,6.23,6.1,6.31,0.21,795966640,0.291211883
23 Mayıs 2016,6.15,6.26,5.99,6.17,0.18,345983531,0.122779029
20 Mayıs 2016,6.04,6.15,6.03,6.16,0.13,328840107,0.116362086
18 Mayıs 2016,6.11,6.04,6.06,6.21,0.15,546494105,0.197831998
17 Mayıs 2016,6.24,6.11,6.01,6.27,0.26,593906839,0.215579024
16 Mayıs 2016,6.13,6.24,6.1,6.31,0.21,416373149,0.149126516
13 Mayıs 2016,6.21,6.13,6.2,6.39,0.19,580712156,0.210640132
12 Mayıs 2016,6.41,6.21,6.39,6.64,0.25,567597222,0.20573109
11 Mayıs 2016,6.62,6.41,6.61,6.69,0.08,304755673,0.107347059
10 Mayıs 2016,6.65,6.62,6.53,6.72,0.19,654301148,0.238185175
09 Mayıs 2016,6.72,6.65,6.63,6.74,0.11,420756011,0.150767062
06 Mayıs 2016,6.65,6.72,6.49,6.69,0.2,433225168,0.155434383
05 Mayıs 2016,6.65,6.65,6.55,6.76,0.21,648312825,0.23594369
04 Mayıs 2016,6.7,6.65,6.5,6.79,0.29,826281395,0.302558977
03 Mayıs 2016,6.61,6.7,6.6,6.88,0.28,567639547,0.205746933
02 Mayıs 2016,6.84,6.61,6.83,6.93,0.1,298002815,0.104819402
29 Nisan 2016,6.9,6.84,6.89,7.02,0.13,276945979,0.096937633
28 Nisan 2016,6.99,6.9,6.98,7.08,0.1,416213658,0.149066817
27 Nisan 2016,7.02,6.99,6.95,7.05,0.1,415680629,0.1488673
26 Nisan 2016,6.97,7.02,6.86,7.02,0.16,539869886,0.195352491
25 Nisan 2016,6.93,6.97,6.93,7.07,0.14,368464855,0.131193997
22 Nisan 2016,7.04,6.93,6.9,7.08,0.18,649453813,0.236370772
21 Nisan 2016,6.91,7.04,6.86,7.11,0.25,638396821,0.232232037
20 Nisan 2016,6.99,6.91,6.93,7.48,0.55,1041746311,0.383209495
19 Nisan 2016,7.5,6.99,7.5,7.6,0.1,531898650,0.192368784
18 Nisan 2016,7.56,7.5,7.52,7.65,0.13,489950015,0.17666702
15 Nisan 2016,7.57,7.56,7.54,7.73,0.19,510787832,0.184466808
14 Nisan 2016,7.71,7.57,7.67,7.81,0.14,640122468,0.232877963
13 Nisan 2016,7.74,7.71,7.65,7.75,0.1,613733063,0.223000164
12 Nisan 2016,7.63,7.74,7.61,7.77,0.16,501198950,0.180877601
11 Nisan 2016,7.72,7.63,7.53,7.75,0.22,570571000,0.206844203
08 Nisan 2016,7.55,7.72,7.44,7.59,0.15,440254628,0.158065576
07 Nisan 2016,7.52,7.55,7.52,7.71,0.19,510174780,0.184237337
06 Nisan 2016,7.62,7.52,7.6,7.88,0.28,574827706,0.208437528
05 Nisan 2016,7.81,7.62,7.76,7.92,0.16,644609650,0.234557557
04 Nisan 2016,7.84,7.81,7.73,7.86,0.13,423717788,0.151875683
01 Nisan 2016,7.72,7.84,7.71,7.8,0.09,379333845,0.135262361
31 Mart 2016,7.79,7.72,7.77,7.85,0.08,414118953,0.14828275
30 Mart 2016,7.77,7.79,7.7,7.81,0.11,468094752,0.168486392
29 Mart 2016,7.63,7.77,7.63,7.72,0.09,394197070,0.140825804
28 Mart 2016,7.62,7.63,7.6,7.66,0.06,219624278,0.075481588
25 Mart 2016,7.63,7.62,7.62,7.7,0.08,254197402,0.088422629
24 Mart 2016,7.61,7.63,7.5,7.64,0.14,507261648,0.183146925
23 Mart 2016,7.51,7.61,7.48,7.62,0.14,542135193,0.196200417
22 Mart 2016,7.58,7.51,7.55,7.92,0.37,1020609222,0.375297686
21 Mart 2016,7.96,7.58,7.83,8,0.17,711711040,0.25967423
18 Mart 2016,7.91,7.96,7.83,7.93,0.1,499955273,0.180412081
17 Mart 2016,7.84,7.91,7.8,7.88,0.08,565677415,0.205012489
16 Mart 2016,7.75,7.84,7.61,7.77,0.16,516456341,0.186588584
15 Mart 2016,7.66,7.75,7.65,7.91,0.26,617632530,0.22445977
14 Mart 2016,7.91,7.66,7.8,7.97,0.17,616251349,0.223942782
11 Mart 2016,7.79,7.91,7.63,7.8,0.17,539686540,0.195283863
10 Mart 2016,7.6,7.79,7.6,7.73,0.13,725874953,0.264975914
09 Mart 2016,7.69,7.6,7.57,7.69,0.12,532312326,0.192523626
08 Mart 2016,7.57,7.69,7.54,7.63,0.09,408775267,0.146282559
07 Mart 2016,7.61,7.57,7.55,7.7,0.15,603530887,0.219181395
04 Mart 2016,7.63,7.61,7.37,7.65,0.28,738441072,0.269679529
03 Mart 2016,7.42,7.63,7.39,7.54,0.15,479323993,0.172689602
02 Mart 2016,7.47,7.42,7.45,7.54,0.09,450571267,0.161927189
01 Mart 2016,7.45,7.47,7.41,7.54,0.13,555887248,0.201347938
29 Şubat 2016,7.32,7.45,7.1,7.33,0.23,443577861,0.159309493
26 Şubat 2016,7.13,7.32,7.09,7.22,0.13,447746038,0.16086968
25 Şubat 2016,7.1,7.13,6.98,7.14,0.16,498512487,0.179872033
24 Şubat 2016,6.94,7.1,6.93,7.21,0.28,454039295,0.163225304
23 Şubat 2016,7.16,6.94,7.08,7.21,0.13,481485118,0.173498531
22 Şubat 2016,7.09,7.16,6.91,7.11,0.2,462147626,0.166260328
19 Şubat 2016,6.85,7.09,6.82,6.92,0.1,278248129,0.09742504
18 Şubat 2016,6.93,6.85,6.76,6.95,0.19,545297876,0.197384238
17 Şubat 2016,6.83,6.93,6.59,6.85,0.26,575840883,0.208816769
16 Şubat 2016,6.62,6.83,6.57,6.68,0.11,493879895,0.178138011
15 Şubat 2016,6.56,6.62,6.47,6.7,0.23,542314961,0.196267705
12 Şubat 2016,6.66,6.56,6.66,6.85,0.19,494079843,0.178212853
11 Şubat 2016,6.79,6.66,6.69,6.86,0.17,531761120,0.192317305
10 Şubat 2016,6.88,6.79,6.82,6.96,0.14,528379106,0.191051386
09 Şubat 2016,6.83,6.88,6.73,6.92,0.19,603966769,0.219344549
08 Şubat 2016,6.89,6.83,6.88,7.26,0.38,716210029,0.261358243
05 Şubat 2016,7.23,6.89,7.23,7.31,0.08,438252381,0.157316116
04 Şubat 2016,7.29,7.23,7.25,7.33,0.08,639405365,0.232609545
03 Şubat 2016,7.22,7.29,7.16,7.3,0.14,519637274,0.187779237
02 Şubat 2016,7.22,7.22,7.22,7.38,0.16,430521300,0.154422301
01 Şubat 2016,7.29,7.22,7.25,7.33,0.08,300041198,0.105582387
29 Ocak 2016,7.31,7.29,7.26,7.37,0.11,542749449,0.196430338
28 Ocak 2016,7.23,7.31,7.21,7.39,0.18,490678932,0.176939861
27 Ocak 2016,7.28,7.23,7.24,7.38,0.14,548164801,0.198457355
26 Ocak 2016,7.29,7.28,7.04,7.32,0.28,582594714,0.211344791
25 Ocak 2016,7.12,7.29,7.09,7.18,0.09,242255833,0.083952789
22 Ocak 2016,7.12,7.12,7.04,7.15,0.11,344715351,0.122304338
21 Ocak 2016,7.06,7.12,6.94,7.11,0.17,355282580,0.126259749
20 Ocak 2016,7.05,7.06,7.03,7.24,0.21,329707298,0.116686684
19 Ocak 2016,7.23,7.05,7.2,7.29,0.09,357231211,0.12698914
18 Ocak 2016,7.16,7.23,7.07,7.21,0.14,378243609,0.134854276
15 Ocak 2016,7.1,7.16,7.07,7.27,0.2,587522638,0.213189358
14 Ocak 2016,7.2,7.1,7.16,7.37,0.21,613998012,0.223099337
13 Ocak 2016,7.34,7.2,7.3,7.4,0.1,525552170,0.189993237
12 Ocak 2016,7.27,7.34,7.22,7.38,0.16,580853579,0.210693068
11 Ocak 2016,7.29,7.27,7.13,7.33,0.2,440455537,0.158140778
08 Ocak 2016,7.22,7.29,7.21,7.37,0.16,355061133,0.12617686
07 Ocak 2016,7.32,7.22,7.12,7.33,0.21,447524575,0.160786784
06 Ocak 2016,7.21,7.32,7.07,7.26,0.19,595249070,0.216081434
05 Ocak 2016,7.24,7.21,7.08,7.26,0.18,479455179,0.172738706
04 Ocak 2016,7.14,7.24,7.12,7.25,0.13,340558482,0.120748383
31 Aralık 2015,7.39,7.14,7.3,7.51,0.21,227147280,0.078297517
30 Aralık 2015,7.38,7.39,7.35,7.53,0.18,220979745,0.075988952
29 Aralık 2015,7.49,7.38,7.47,7.6,0.13,323135664,0.11422686
28 Aralık 2015,7.53,7.49,7.42,7.64,0.22,419608487,0.150337533
25 Aralık 2015,7.4,7.53,7.38,7.43,0.05,94127980,0.028507159
24 Aralık 2015,7.42,7.4,7.42,7.51,0.09,184001904,0.062147803
23 Aralık 2015,7.48,7.42,7.46,7.56,0.1,437477255,0.157025979
22 Aralık 2015,7.44,7.48,7.32,7.52,0.2,535087948,0.193562567
21 Aralık 2015,7.49,7.44,7.23,7.53,0.3,646639163,0.235317222
18 Aralık 2015,7.23,7.49,7.19,7.34,0.15,465218173,0.167409662
17 Aralık 2015,7.33,7.23,7.28,7.4,0.12,611249759,0.22207064
16 Aralık 2015,7.27,7.33,7.13,7.35,0.22,872759806,0.319956278
15 Aralık 2015,7.23,7.27,6.84,7.29,0.45,954778201,0.350656524
14 Aralık 2015,6.8,7.23,6.76,7.06,0.3,736509573,0.268956551
11 Aralık 2015,6.88,6.8,6.88,7.31,0.43,972688341,0.357360456
10 Aralık 2015,7.25,6.88,7.21,7.67,0.46,1012194143,0.372147844
09 Aralık 2015,7.64,7.25,7.45,7.66,0.21,656751189,0.239102248
08 Aralık 2015,7.47,7.64,7.46,7.72,0.26,495186770,0.178627186
07 Aralık 2015,7.63,7.47,7.44,7.7,0.26,592606635,0.215092346
04 Aralık 2015,7.6,7.63,7.44,7.75,0.31,666644585,0.242805438
03 Aralık 2015,7.7,7.6,7.69,7.99,0.3,607012503,0.220484596
02 Aralık 2015,7.9,7.7,7.88,8.07,0.19,702292968,0.256148958
01 Aralık 2015,7.93,7.9,7.69,7.96,0.27,536590698,0.194125061
30 Kasım 2015,7.66,7.93,7.65,7.91,0.26,354650567,0.126023181
27 Kasım 2015,7.83,7.66,7.72,7.91,0.19,461281883,0.165936272
26 Kasım 2015,7.73,7.83,7.71,8,0.29,416064581,0.149011017
25 Kasım 2015,7.95,7.73,7.82,8.04,0.22,737707862,0.269405082
24 Kasım 2015,7.92,7.95,7.92,8.59,0.67,862958505,0.31628756
23 Kasım 2015,8.53,7.92,8.52,8.77,0.25,348396556,0.123682247
20 Kasım 2015,8.76,8.53,8.75,8.86,0.11,307717159,0.108455571
19 Kasım 2015,8.76,8.76,8.72,8.82,0.1,350096079,0.124318394
18 Kasım 2015,8.71,8.76,8.7,8.97,0.27,476781372,0.171737875
17 Kasım 2015,8.93,8.71,8.92,9.06,0.14,298308206,0.104933712
16 Kasım 2015,8.98,8.93,8.98,9.18,0.2,341560140,0.121123313
13 Kasım 2015,9.22,8.98,9.2,9.32,0.12,294494468,0.103506195
12 Kasım 2015,9.28,9.22,9.15,9.29,0.14,288128940,0.101123519
11 Kasım 2015,9.17,9.28,9.12,9.21,0.09,257995871,0.089844431
10 Kasım 2015,9.09,9.17,9.09,9.25,0.16,290240234,0.101913796
09 Kasım 2015,9.16,9.09,9.16,9.29,0.13,265764460,0.092752286
06 Kasım 2015,9.2,9.16,9.08,9.28,0.2,250424177,0.087010276
05 Kasım 2015,9.27,9.2,9.14,9.28,0.14,387434477,0.138294503
04 Kasım 2015,9.2,9.27,9.11,9.24,0.13,393210679,0.140456589
03 Kasım 2015,9.07,9.2,9.04,9.23,0.19,278406959,0.097484491
02 Kasım 2015,9.2,9.07,9.1,9.33,0.23,580632696,0.210610389
30 Ekim 2015,8.61,9.2,8.24,8.61,0.37,249462256,0.08665022
28 Ekim 2015,8.3,8.61,8.26,8.32,0.06,51184575,0.012433044
27 Ekim 2015,8.3,8.3,8.27,8.43,0.16,149221309,0.049129103
26 Ekim 2015,8.41,8.3,8.4,8.55,0.15,162120321,0.053957323
23 Ekim 2015,8.51,8.41,8.5,8.63,0.13,267574049,0.093429632
22 Ekim 2015,8.53,8.51,8.5,8.58,0.08,218961331,0.075233441
21 Ekim 2015,8.52,8.53,8.48,8.66,0.18,303122050,0.106735579
20 Ekim 2015,8.67,8.52,8.46,8.68,0.22,342324016,0.121409239
19 Ekim 2015,8.48,8.67,8.42,8.57,0.15,248936449,0.086453406
16 Ekim 2015,8.4,8.48,8.38,8.58,0.2,220725863,0.075893922
15 Ekim 2015,8.53,8.4,8.53,8.75,0.22,356554703,0.126735917
14 Ekim 2015,8.59,8.53,8.43,8.6,0.17,212651603,0.072871651
13 Ekim 2015,8.42,8.59,8.4,8.63,0.23,213588808,0.073222456
12 Ekim 2015,8.57,8.42,8.4,8.62,0.22,324673523,0.114802495
09 Ekim 2015,8.5,8.57,8.5,8.63,0.13,286049087,0.10034501
08 Ekim 2015,8.54,8.5,8.43,8.61,0.18,228127514,0.078664428
07 Ekim 2015,8.48,8.54,8.45,8.57,0.12,311754457,0.109966769
06 Ekim 2015,8.43,8.48,8.27,8.51,0.24,306614326,0.10804277
05 Ekim 2015,8.31,8.43,8.14,8.35,0.21,265565697,0.092677888
02 Ekim 2015,8.08,8.31,7.99,8.08,0.09,297551634,0.104650521
01 Ekim 2015,8,8.08,7.98,8.06,0.08,202198860,0.068959092
30 Eylül 2015,7.97,8,7.97,8.09,0.12,193068200,0.065541402
29 Eylül 2015,8.01,7.97,7.88,8.04,0.16,239862388,0.0830569
28 Eylül 2015,7.93,8.01,7.93,8.17,0.24,137134442,0.044604877
23 Eylül 2015,8.11,7.93,8.11,8.21,0.1,55955960,0.014219018
22 Eylül 2015,8.21,8.11,8.17,8.32,0.15,166660957,0.055656925
21 Eylül 2015,8.27,8.21,8.14,8.27,0.13,295039246,0.10371011
18 Eylül 2015,8.22,8.27,8.04,8.26,0.22,193646267,0.065757777
17 Eylül 2015,8.17,8.22,8.09,8.18,0.09,177441571,0.059692209
16 Eylül 2015,8.1,8.17,8.02,8.13,0.11,219527656,0.075445422
15 Eylül 2015,8.05,8.1,7.85,8.08,0.23,216595641,0.074347941
14 Eylül 2015,7.94,8.05,7.75,7.96,0.21,183217465,0.06185418
11 Eylül 2015,7.76,7.94,7.76,7.96,0.2,220170840,0.075686171
10 Eylül 2015,7.93,7.76,7.87,7.99,0.12,203994630,0.069631266
09 Eylül 2015,7.95,7.93,7.95,8.17,0.22,235709366,0.081502386
08 Eylül 2015,8.05,7.95,7.81,8.06,0.25,274873184,0.096161766
07 Eylül 2015,7.85,8.05,7.63,7.85,0.22,177105470,0.059566404
04 Eylül 2015,7.76,7.85,7.61,7.84,0.23,281425508,0.098614362
03 Eylül 2015,7.72,7.76,7.6,7.84,0.24,258282774,0.089951822
02 Eylül 2015,7.77,7.72,7.76,7.88,0.12,204313833,0.069750746
01 Eylül 2015,7.77,7.77,7.74,7.98,0.24,253196571,0.088048009
31 Ağustos 2015,8.05,7.77,7.93,8.05,0.12,189496502,0.064204482
28 Ağustos 2015,7.96,8.05,7.93,8.14,0.21,216904404,0.074463514
27 Ağustos 2015,8.11,7.96,8.1,8.28,0.18,233058128,0.080510003
26 Ağustos 2015,8.11,8.11,7.97,8.19,0.22,259758562,0.090504223
25 Ağustos 2015,8.06,8.11,7.82,8.11,0.29,312835514,0.110371419
24 Ağustos 2015,7.77,8.06,7.55,8.06,0.51,414627035,0.14847293
21 Ağustos 2015,8.21,7.77,8.2,8.43,0.23,334578419,0.11850999
20 Ağustos 2015,8.45,8.21,8.19,8.52,0.33,367307851,0.13076092
19 Ağustos 2015,8.38,8.45,8.37,8.84,0.47,371426944,0.132302735
18 Ağustos 2015,8.75,8.38,8.73,9.1,0.37,196805796,0.066940418
17 Ağustos 2015,9.06,8.75,9.03,9.26,0.23,298067308,0.104843542
14 Ağustos 2015,9.08,9.06,8.82,9.11,0.29,194706599,0.06615467
13 Ağustos 2015,8.91,9.08,8.67,9.05,0.38,234679134,0.08111676
12 Ağustos 2015,9.04,8.91,8.97,9.18,0.21,150877096,0.04974888
11 Ağustos 2015,9.15,9.04,8.99,9.17,0.18,239612463,0.082963351
10 Ağustos 2015,8.83,9.15,8.8,9.14,0.34,148087336,0.048704647
07 Ağustos 2015,9.09,8.83,8.97,9.15,0.18,186399594,0.06304528
06 Ağustos 2015,9.1,9.09,8.94,9.1,0.16,196558556,0.066847874
05 Ağustos 2015,8.9,9.1,8.87,9.04,0.17,161507199,0.053727826
04 Ağustos 2015,9,8.9,8.89,9.03,0.14,126707616,0.040702019
03 Ağustos 2015,8.88,9,8.84,9.1,0.26,136570081,0.044393631
31 Temmuz 2015,9.03,8.88,8.83,9.03,0.2,207284654,0.070862752
30 Temmuz 2015,8.83,9.03,8.78,8.95,0.17,131973887,0.042673233
29 Temmuz 2015,8.86,8.83,8.84,9.01,0.17,151679929,0.050049388
28 Temmuz 2015,8.94,8.86,8.68,8.97,0.29,209847883,0.071822193
27 Temmuz 2015,8.63,8.94,8.61,8.89,0.28,149070895,0.049072802
24 Temmuz 2015,8.85,8.63,8.75,8.93,0.18,168977143,0.056523895
23 Temmuz 2015,8.82,8.85,8.8,9.25,0.45,206050480,0.070400789
22 Temmuz 2015,9.26,8.82,9.08,9.29,0.21,192376834,0.065282617
21 Temmuz 2015,9.21,9.26,9.09,9.22,0.13,121161671,0.03862612
20 Temmuz 2015,9.06,9.21,8.97,9.23,0.26,127690722,0.041070005
16 Temmuz 2015,9.18,9.06,9.12,9.25,0.13,44523717,0.009939823
15 Temmuz 2015,9.24,9.18,9.17,9.37,0.2,152163612,0.050230435
14 Temmuz 2015,9.29,9.24,9.24,9.51,0.27,181913159,0.061365966
13 Temmuz 2015,9.38,9.29,9.3,9.42,0.12,191176108,0.064833174
10 Temmuz 2015,9.29,9.38,9.28,9.45,0.17,137231109,0.04464106
09 Temmuz 2015,9.29,9.29,9.08,9.29,0.21,146002736,0.047924362
08 Temmuz 2015,9.02,9.29,9.01,9.21,0.2,171657512,0.057527182
07 Temmuz 2015,9.18,9.02,9.12,9.26,0.14,215774434,0.074040556
06 Temmuz 2015,9.15,9.18,8.82,9.15,0.33,226647797,0.078110556
03 Temmuz 2015,8.81,9.15,8.81,9.02,0.21,100416338,0.03086095
02 Temmuz 2015,8.99,8.81,8.85,9.02,0.17,149371654,0.049185379
01 Temmuz 2015,8.89,8.99,8.82,9.03,0.21,149074233,0.049074051
30 Haziran 2015,8.8,8.89,8.73,8.94,0.21,146153156,0.047980665
29 Haziran 2015,8.84,8.8,8.83,9.01,0.18,161003311,0.053539216
26 Haziran 2015,9.09,8.84,9.08,9.16,0.08,120690150,0.038449626
25 Haziran 2015,9.16,9.09,9.07,9.22,0.15,222768985,0.076658681
24 Haziran 2015,9.11,9.16,8.95,9.13,0.18,134252996,0.043526325
23 Haziran 2015,8.95,9.11,8.94,9.12,0.18,101187993,0.031149787
22 Haziran 2015,9.09,8.95,9.03,9.16,0.13,130379123,0.042076298
19 Haziran 2015,9.04,9.09,8.91,9.05,0.14,165087747,0.055068058
18 Haziran 2015,8.95,9.04,8.9,8.98,0.08,120680951,0.038446182
17 Haziran 2015,8.85,8.95,8.76,8.87,0.11,128630030,0.041421597
16 Haziran 2015,8.72,8.85,8.62,8.78,0.16,169312860,0.056649557
15 Haziran 2015,8.58,8.72,8.57,8.78,0.21,110818399,0.034754538
12 Haziran 2015,8.67,8.58,8.66,8.8,0.14,167002616,0.055784812
11 Haziran 2015,8.75,8.67,8.65,8.78,0.13,227597874,0.078466179
10 Haziran 2015,8.61,8.75,8.43,8.68,0.25,202746622,0.069164125
09 Haziran 2015,8.4,8.61,8.38,8.56,0.18,180668893,0.060900226
08 Haziran 2015,8.42,8.4,8.1,8.43,0.33,273662387,0.095708554
05 Haziran 2015,9,8.42,8.92,9.16,0.24,207594030,0.070978555
04 Haziran 2015,9.07,9,8.81,9.08,0.27,223367379,0.076882665
03 Haziran 2015,9.04,9.07,8.84,9.07,0.23,203754489,0.069541379
02 Haziran 2015,8.87,9.04,8.71,8.94,0.23,215809966,0.074053856
01 Haziran 2015,8.77,8.87,8.71,9.03,0.32,156439170,0.051830816
29 Mayıs 2015,9.02,8.77,9.02,9.35,0.33,250567250,0.08706383
28 Mayıs 2015,9.32,9.02,9.32,9.41,0.09,189112761,0.064060844
27 Mayıs 2015,9.38,9.32,9.22,9.38,0.16,247114391,0.085771392
26 Mayıs 2015,9.21,9.38,9.18,9.43,0.25,222358037,0.076504859
25 Mayıs 2015,9.22,9.21,9.18,9.37,0.19,107508387,0.03351557
22 Mayıs 2015,9.32,9.22,9.11,9.42,0.31,190153465,0.064450389
21 Mayıs 2015,9.26,9.32,9.26,9.64,0.38,242482620,0.084037678
20 Mayıs 2015,9.6,9.26,9.56,9.79,0.23,244675947,0.08485866
18 Mayıs 2015,9.8,9.6,9.67,9.83,0.16,215912476,0.074092226
15 Mayıs 2015,9.67,9.8,9.52,9.76,0.24,289047137,0.101467208
14 Mayıs 2015,9.57,9.67,9.49,9.62,0.13,238639333,0.0825991
13 Mayıs 2015,9.45,9.57,9.38,9.48,0.1,165761454,0.055320233
12 Mayıs 2015,9.38,9.45,9.2,9.41,0.21,482123948,0.173737651
11 Mayıs 2015,9.13,9.38,8.93,9.17,0.24,240227763,0.083193664
08 Mayıs 2015,8.97,9.13,8.71,8.99,0.28,237517562,0.08217921
07 Mayıs 2015,8.88,8.97,8.68,8.91,0.23,192628198,0.065376705
06 Mayıs 2015,8.74,8.88,8.73,8.99,0.26,228606185,0.078843599
05 Mayıs 2015,8.94,8.74,8.94,9.13,0.19,197725787,0.06728478
04 Mayıs 2015,9.06,8.94,8.83,9.08,0.25,199232482,0.06784875
30 Nisan 2015,8.88,9.06,8.86,9.28,0.42,246412011,0.085508485
29 Nisan 2015,9.26,8.88,9.23,9.33,0.1,166730471,0.055682945
28 Nisan 2015,9.24,9.26,9.24,9.46,0.22,203019154,0.069266136
27 Nisan 2015,9.37,9.24,9.22,9.41,0.19,217765805,0.074785944
24 Nisan 2015,9.28,9.37,9.17,9.3,0.13,159039146,0.052804011
22 Nisan 2015,9.16,9.28,9.11,9.3,0.19,226719857,0.078137529
21 Nisan 2015,9.22,9.16,8.97,9.22,0.25,321763158,0.113713119
20 Nisan 2015,9,9.22,8.92,9.03,0.11,155852802,0.051611333
17 Nisan 2015,8.88,9,8.87,9,0.13,104452757,0.032371819
16 Nisan 2015,8.89,8.88,8.77,8.94,0.17,264404151,0.09224311
15 Nisan 2015,8.8,8.89,8.8,8.98,0.18,205096862,0.070043841
14 Nisan 2015,9.03,8.8,8.9,9.06,0.16,240725685,0.08338004
13 Nisan 2015,9.06,9.03,8.93,9.08,0.15,205669077,0.070258027
10 Nisan 2015,8.98,9.06,8.93,9.18,0.25,202573644,0.069099377
09 Nisan 2015,9.1,8.98,9.01,9.15,0.14,219726774,0.075519953
08 Nisan 2015,9.04,9.1,8.79,9.07,0.28,293480860,0.103126792
07 Nisan 2015,8.83,9.04,8.83,9.02,0.19,275683715,0.096465156
06 Nisan 2015,9,8.83,8.86,9.14,0.28,300096605,0.105603127
03 Nisan 2015,9.12,9,8.91,9.16,0.25,227169628,0.078305883
02 Nisan 2015,8.93,9.12,8.75,9.03,0.28,311699927,0.109946358
01 Nisan 2015,8.83,8.93,8.62,8.88,0.26,265400832,0.092616177
31 Mart 2015,8.59,8.83,8.58,8.95,0.37,270379833,0.094479863
30 Mart 2015,8.9,8.59,8.57,8.91,0.34,208858783,0.071451963
27 Mart 2015,8.63,8.9,8.34,8.68,0.34,211990742,0.072624285
26 Mart 2015,8.47,8.63,8.37,8.5,0.13,172699163,0.057917082
25 Mart 2015,8.71,8.47,8.71,8.86,0.15,160226750,0.053248542
24 Mart 2015,8.73,8.71,8.71,9.01,0.3,148113333,0.048714378
23 Mart 2015,9.01,8.73,8.93,9.07,0.14,138045493,0.044945892
20 Mart 2015,8.94,9.01,8.88,9,0.12,216553986,0.074332349
19 Mart 2015,8.88,8.94,8.73,8.97,0.24,234252075,0.080956908
18 Mart 2015,8.63,8.88,8.53,8.73,0.2,184062805,0.062170599
17 Mart 2015,8.7,8.63,8.43,8.73,0.3,216209182,0.074203286
16 Mart 2015,8.42,8.7,8.24,8.45,0.21,255413389,0.088877784
13 Mart 2015,8.13,8.42,8.13,8.41,0.28,175339377,0.058905339
12 Mart 2015,8.37,8.13,8.23,8.5,0.27,170678595,0.057160765
11 Mart 2015,8.35,8.37,8.16,8.41,0.25,171273251,0.05738335
10 Mart 2015,8.25,8.35,8.22,8.6,0.38,316026138,0.111565699
09 Mart 2015,8.52,8.25,8.5,8.66,0.16,176152981,0.059209878
06 Mart 2015,8.46,8.52,8.4,8.74,0.34,246843411,0.085669962
05 Mart 2015,8.55,8.46,8.23,8.68,0.45,337466318,0.119590957
04 Mart 2015,8.66,8.55,8.64,8.96,0.32,189951862,0.064374927
03 Mart 2015,8.95,8.66,8.87,9.1,0.23,226088305,0.077901133
02 Mart 2015,9.02,8.95,9.01,9.15,0.14,194235090,0.065978179
27 Şubat 2015,9.05,9.02,8.89,9.16,0.27,312660571,0.110305936
26 Şubat 2015,9,9.05,9,9.33,0.33,576568399,0.209089085
25 Şubat 2015,9.3,9,9.28,9.77,0.49,536926280,0.194250672
24 Şubat 2015,9.61,9.3,9.46,9.63,0.17,217150481,0.074555623
23 Şubat 2015,9.45,9.61,9.18,9.45,0.27,160796376,0.053461758
20 Şubat 2015,9.25,9.45,9.25,9.44,0.19,168166392,0.056220424
19 Şubat 2015,9.49,9.25,9.42,9.54,0.12,192138107,0.065193259
18 Şubat 2015,9.33,9.49,9.26,9.41,0.15,274916260,0.09617789
17 Şubat 2015,9.27,9.33,9.2,9.48,0.28,401386444,0.143516854
16 Şubat 2015,9.3,9.27,9.14,9.33,0.19,202945998,0.069238753
13 Şubat 2015,9.1,9.3,9.09,9.27,0.18,221634629,0.076234081
12 Şubat 2015,9.28,9.1,8.93,9.28,0.35,370853016,0.132087908
11 Şubat 2015,8.98,9.28,8.83,9.1,0.27,446184005,0.160284996
10 Şubat 2015,8.94,8.98,8.71,9.02,0.31,339677373,0.120418576
09 Şubat 2015,8.72,8.94,8.63,8.83,0.2,187038987,0.063284611
06 Şubat 2015,8.76,8.72,8.72,9.01,0.29,182392883,0.061545531
05 Şubat 2015,9,8.76,8.81,9.2,0.39,254535446,0.088549162
04 Şubat 2015,8.99,9,8.72,9.09,0.37,458426995,0.164867661
03 Şubat 2015,8.89,8.99,8.88,9.25,0.37,349004655,0.123909864
02 Şubat 2015,9.25,8.89,9.19,9.33,0.14,250120261,0.086896517
30 Ocak 2015,9.38,9.25,9.36,9.68,0.32,199256455,0.067857723
29 Ocak 2015,9.49,9.38,9.36,9.53,0.17,180060252,0.060672406
28 Ocak 2015,9.43,9.49,9.43,9.66,0.23,207156564,0.070814807
27 Ocak 2015,9.58,9.43,9.53,9.84,0.31,374624014,0.133499428
26 Ocak 2015,9.71,9.58,9.36,9.74,0.38,345107104,0.122450974
23 Ocak 2015,9.36,9.71,9.36,9.58,0.22,380442927,0.135677501
22 Ocak 2015,9.52,9.36,9.26,9.62,0.36,543240980,0.196614323
21 Ocak 2015,9.45,9.52,9.42,9.82,0.4,435166241,0.156160945
20 Ocak 2015,9.65,9.45,9.09,9.66,0.57,729223280,0.266229224
19 Ocak 2015,9,9.65,9,9.4,0.4,421380419,0.151000784
16 Ocak 2015,9.3,9,9.27,9.48,0.21,295543918,0.103899014
15 Ocak 2015,9.33,9.3,9.31,9.76,0.45,490644187,0.176926855
14 Ocak 2015,9.71,9.33,9.68,9.92,0.24,258919259,0.090190064
13 Ocak 2015,9.87,9.71,9.87,10.04,0.17,219412264,0.075402229
12 Ocak 2015,9.91,9.87,9.9,10.1,0.2,304226112,0.10714884
09 Ocak 2015,9.96,9.91,9.87,10.1,0.23,242942204,0.084209704
08 Ocak 2015 ,10.1,9.96,10,10.25,0.25,112656312,0.035442486
07 Ocak 2015 ,10.05,10.1,9.95,10.35,0.4,176674102,0.059404939
06 Ocak 2015 ,10.2,10.05,10.05,10.45,0.4,163395243,0.054434538
05 Ocak 2015 ,10.2,10.2,9.75,10.2,0.45,316607024,0.11178313
02 Ocak 2015,9.72,10.2,9.59,9.79,0.2,112107463,0.035237046
31 Aralık 2014,9.63,9.72,9.57,9.8,0.23,223196070,0.076818543
30 Aralık 2014,9.6,9.63,9.35,9.6,0.25,251215864,0.087306612
29 Aralık 2014,9.33,9.6,9.3,9.43,0.13,90285026,0.027068706
26 Aralık 2014,9.36,9.33,9.32,9.39,0.07,75202968,0.021423351
25 Aralık 2014,9.33,9.36,9.32,9.43,0.11,51661843,0.01261169
24 Aralık 2014,9.37,9.33,9.3,9.44,0.14,153683921,0.0507995
23 Aralık 2014,9.28,9.37,9.28,9.62,0.34,376053370,0.134034449
22 Aralık 2014,9.61,9.28,9.36,9.62,0.26,352468213,0.125206306
19 Aralık 2014,9.46,9.61,9.36,9.55,0.19,223826396,0.07705448
18 Aralık 2014,9.38,9.46,9.2,9.48,0.28,365326094,0.13001913
17 Aralık 2014,9.29,9.38,9.09,9.45,0.36,371095539,0.132178687
16 Aralık 2014,9.27,9.29,9.03,9.74,0.71,475847867,0.171388455
15 Aralık 2014,9.6,9.27,9.25,9.67,0.42,327115664,0.115716611
12 Aralık 2014,9.58,9.6,9.48,9.76,0.28,311578738,0.109900996
11 Aralık 2014,9.71,9.58,9.42,9.91,0.49,539622361,0.19525984
10 Aralık 2014,9.67,9.71,9.34,9.67,0.33,461491672,0.166014798
09 Aralık 2014,9.29,9.67,9.28,9.81,0.53,400265703,0.14309735
08 Aralık 2014,9.67,9.29,9.47,9.69,0.22,397140746,0.141927649
05 Aralık 2014,9.5,9.67,9.35,9.57,0.22,418210751,0.149814348
04 Aralık 2014,9.43,9.5,9.03,9.46,0.43,420051652,0.150503414
03 Aralık 2014,8.98,9.43,8.98,9.21,0.23,324698256,0.114811753
02 Aralık 2014,9.15,8.98,8.9,9.22,0.32,513351064,0.18542625
01 Aralık 2014,8.93,9.15,8.92,9.58,0.66,649732474,0.236475077
28 Kasım 2014,9.21,8.93,8.7,9.43,0.73,922058859,0.338409371
27 Kasım 2014,8.59,9.21,8.49,8.67,0.18,232565540,0.080325622
26 Kasım 2014,8.52,8.59,8.43,8.61,0.18,233867683,0.080813027
25 Kasım 2014,8.48,8.52,8.22,8.51,0.29,371249406,0.132236281
24 Kasım 2014,8.18,8.48,8.1,8.24,0.14,172575203,0.057870683
21 Kasım 2014,8.21,8.18,8.14,8.37,0.23,353693292,0.125664864
20 Kasım 2014,8.33,8.21,8.08,8.33,0.25,269671164,0.094214602
19 Kasım 2014,8.08,8.33,8.02,8.23,0.21,240550597,0.083314503
18 Kasım 2014,8.16,8.08,7.91,8.19,0.28,331318408,0.117289737
17 Kasım 2014,7.98,8.16,7.96,8.2,0.24,237603002,0.082211191
14 Kasım 2014,8.1,7.98,8.05,8.21,0.16,252710448,0.087866049
13 Kasım 2014,8.09,8.1,7.94,8.17,0.23,378881930,0.135093205
12 Kasım 2014,8,8.09,7.87,8.05,0.18,427636466,0.15334248
11 Kasım 2014,7.85,8,7.49,7.87,0.38,648799682,0.236125925
10 Kasım 2014,7.37,7.85,7.36,7.55,0.19,133300088,0.043169643
07 Kasım 2014,7.5,7.37,7.32,7.59,0.27,259223975,0.090304122
06 Kasım 2014,7.53,7.5,7.38,7.57,0.19,361647708,0.128642276
05 Kasım 2014,7.39,7.53,7.39,7.71,0.32,249519167,0.086671522
04 Kasım 2014,7.62,7.39,7.4,7.67,0.27,299034916,0.105205727
03 Kasım 2014,7.39,7.62,7.26,7.41,0.15,220761298,0.075907185
31 Ekim 2014,7.29,7.39,7.27,7.38,0.11,179801568,0.060575578
30 Ekim 2014,7.29,7.29,7.08,7.33,0.25,369925332,0.131740667
28 Ekim 2014,7.23,7.29,7.13,7.25,0.12,127047122,0.040829099
27 Ekim 2014,7.16,7.23,6.97,7.17,0.2,292768552,0.102860169
24 Ekim 2014,6.99,7.16,6.94,7.04,0.1,143284485,0.046906895
23 Ekim 2014,7,6.99,6.88,7.02,0.14,272018312,0.095093161
22 Ekim 2014,6.93,7,6.89,7.06,0.17,334941737,0.118645983
21 Ekim 2014,6.93,6.93,6.53,6.95,0.42,414957662,0.148596686
20 Ekim 2014,6.54,6.93,6.36,6.54,0.18,255335504,0.088848631
17 Ekim 2014,6.33,6.54,6.27,6.41,0.14,340059974,0.120561787
16 Ekim 2014,6.29,6.33,6.24,6.43,0.19,223241747,0.07683564
15 Ekim 2014,6.36,6.29,6.3,6.41,0.11,257892703,0.089805815
14 Ekim 2014,6.25,6.36,6.21,6.38,0.17,353424380,0.125564208
13 Ekim 2014,6.37,6.25,6.35,6.45,0.1,252483822,0.08778122
10 Ekim 2014,6.33,6.37,6.33,6.47,0.14,176011732,0.059157007
09 Ekim 2014,6.52,6.33,6.44,6.55,0.11,219375819,0.075388588
08 Ekim 2014,6.35,6.52,6.35,6.5,0.15,139049732,0.045321788
03 Ekim 2014,6.57,6.35,6.5,6.58,0.08,35985823,0.00674401
02 Ekim 2014,6.53,6.57,6.46,6.59,0.13,91075011,0.027364404
01 Ekim 2014,6.45,6.53,6.45,6.55,0.1,111277372,0.034926336
30 Eylül 2014,6.47,6.45,6.41,6.59,0.18,152564801,0.050380603
29 Eylül 2014,6.56,6.47,6.42,6.56,0.14,141203711,0.046128042
26 Eylül 2014,6.44,6.56,6.3,6.47,0.17,102517408,0.0316474
25 Eylül 2014,6.32,6.44,6.3,6.44,0.14,134694697,0.043691658
24 Eylül 2014,6.4,6.32,6.38,6.61,0.23,132828755,0.042993218
23 Eylül 2014,6.57,6.4,6.55,6.69,0.14,129958997,0.041919041
22 Eylül 2014,6.61,6.57,6.58,6.67,0.09,105646455,0.032818631
19 Eylül 2014,6.64,6.61,6.64,6.81,0.17,95546062,0.02903796
18 Eylül 2014,6.75,6.64,6.73,6.82,0.09,128807011,0.041487842
17 Eylül 2014,6.87,6.75,6.82,6.89,0.07,201844744,0.068826543
16 Eylül 2014,6.8,6.87,6.73,6.87,0.14,194620802,0.066122555
15 Eylül 2014,6.86,6.8,6.74,6.87,0.13,131590523,0.042529737
12 Eylül 2014,6.77,6.86,6.72,6.88,0.16,134850992,0.04375016
11 Eylül 2014,6.85,6.77,6.79,6.93,0.14,230768780,0.079653079
10 Eylül 2014,6.84,6.85,6.75,6.9,0.15,205379114,0.070149491
09 Eylül 2014,6.89,6.84,6.89,7.16,0.27,224243268,0.077210519
08 Eylül 2014,7.14,6.89,7.1,7.17,0.07,160742187,0.053441475
05 Eylül 2014,7.13,7.14,7.02,7.15,0.13,182877049,0.061726759
04 Eylül 2014,7.09,7.13,7.07,7.14,0.07,207689251,0.071014197
03 Eylül 2014,7.1,7.09,6.92,7.1,0.18,323047167,0.114193735
02 Eylül 2014,6.92,7.1,6.91,6.98,0.07,203821130,0.069566323
01 Eylül 2014,6.91,6.92,6.85,6.92,0.07,61998911,0.01648095
29 Ağustos 2014,6.85,6.91,6.84,6.96,0.12,119569888,0.038030301
28 Ağustos 2014,6.87,6.85,6.84,6.93,0.09,69296557,0.019212527
27 Ağustos 2014,6.89,6.87,6.89,7.01,0.12,136632940,0.04441716
26 Ağustos 2014,6.97,6.89,6.92,7.01,0.09,177589909,0.059747734
25 Ağustos 2014,6.94,6.97,6.8,6.95,0.15,140820579,0.045984632
22 Ağustos 2014,6.8,6.94,6.74,6.82,0.08,95326910,0.02895593
21 Ağustos 2014,6.78,6.8,6.75,6.87,0.12,251120919,0.087271073
20 Ağustos 2014,6.81,6.78,6.62,6.84,0.22,700410170,0.255444209
19 Ağustos 2014,6.44,6.81,6.25,6.44,0.19,234770300,0.081150885
18 Ağustos 2014,6.3,6.44,6.05,6.31,0.26,154149502,0.050973772
15 Ağustos 2014,6.08,6.3,6.07,6.31,0.24,116652645,0.03693835
14 Ağustos 2014,6.26,6.08,6.25,6.36,0.11,117084762,0.037100096
13 Ağustos 2014,6.32,6.26,6.25,6.35,0.1,142563198,0.046636911
12 Ağustos 2014,6.25,6.32,6.17,6.26,0.09,87240291,0.025929033
11 Ağustos 2014,6.17,6.25,6.17,6.41,0.24,134819081,0.043738216
08 Ağustos 2014,6.31,6.17,6.17,6.31,0.14,105458016,0.032748097
07 Ağustos 2014,6.31,6.31,6.31,6.41,0.1,91153997,0.02739397
06 Ağustos 2014,6.37,6.31,6.34,6.46,0.12,96020967,0.029215722
05 Ağustos 2014,6.46,6.37,6.44,6.57,0.13,129167827,0.041622899
04 Ağustos 2014,6.45,6.46,6.43,6.54,0.11,110147556,0.034503435
01 Ağustos 2014,6.41,6.45,6.36,6.51,0.15,96749889,0.029488564
31 Temmuz 2014,6.45,6.41,6.45,6.67,0.22,94138750,0.02851119
25 Temmuz 2014,6.62,6.45,6.62,6.68,0.06,67388901,0.018498474
24 Temmuz 2014,6.65,6.62,6.63,6.69,0.06,107276107,0.033428625
23 Temmuz 2014,6.65,6.65,6.65,6.72,0.07,109551470,0.034280314
22 Temmuz 2014,6.65,6.65,6.63,6.67,0.04,75970738,0.021710735
21 Temmuz 2014,6.62,6.65,6.62,6.69,0.07,96470475,0.029383977
18 Temmuz 2014,6.63,6.62,6.54,6.66,0.12,222625045,0.076604803
17 Temmuz 2014,6.74,6.63,6.73,6.86,0.13,159763164,0.053075017
16 Temmuz 2014,6.82,6.74,6.82,6.86,0.04,167500603,0.055971213
15 Temmuz 2014,6.83,6.82,6.72,6.84,0.12,244751222,0.084886836
14 Temmuz 2014,6.78,6.83,6.77,6.83,0.06,173337568,0.058156043
11 Temmuz 2014,6.75,6.78,6.64,6.77,0.13,223340675,0.07687267
10 Temmuz 2014,6.6,6.75,6.59,6.69,0.1,153222797,0.050626897
09 Temmuz 2014,6.68,6.6,6.53,6.72,0.19,473878640,0.170651355
08 Temmuz 2014,6.51,6.68,6.51,6.65,0.14,172187260,0.057725472
07 Temmuz 2014,6.62,6.51,6.46,6.64,0.18,146956468,0.048281352
04 Temmuz 2014,6.5,6.62,6.49,6.55,0.06,94742749,0.028737273
03 Temmuz 2014,6.49,6.5,6.33,6.49,0.16,220855847,0.075942576
02 Temmuz 2014,6.34,6.49,6.27,6.37,0.1,143924254,0.047146366
01 Temmuz 2014,6.34,6.34,6.33,6.51,0.18,155868063,0.051617045
30 Haziran 2014,6.49,6.34,6.49,6.6,0.11,156878637,0.051995312
27 Haziran 2014,6.56,6.49,6.54,6.62,0.08,97456568,0.02975308
26 Haziran 2014,6.55,6.56,6.55,6.66,0.11,154769816,0.051205961
25 Haziran 2014,6.63,6.55,6.53,6.65,0.12,108931212,0.034048146
24 Haziran 2014,6.6,6.63,6.6,6.71,0.11,190701211,0.064655416
23 Haziran 2014,6.64,6.6,6.62,6.68,0.06,145124312,0.047595559
20 Haziran 2014,6.64,6.64,6.62,6.68,0.06,50372082,0.01212892
19 Haziran 2014,6.7,6.64,6.69,6.79,0.1,154509169,0.051108398
18 Haziran 2014,6.69,6.7,6.63,6.74,0.11,191648132,0.065009857
17 Haziran 2014,6.66,6.69,6.62,6.76,0.14,265357194,0.092599843
16 Haziran 2014,6.62,6.66,6.53,6.62,0.09,172661554,0.057903005
13 Haziran 2014,6.67,6.62,6.67,6.86,0.19,284179377,0.099645161
12 Haziran 2014,6.88,6.67,6.75,6.96,0.21,389544317,0.139084236
11 Haziran 2014,6.89,6.88,6.84,7.19,0.35,422207578,0.151310397
10 Haziran 2014,7.19,6.89,7.16,7.21,0.05,174520845,0.058598954
09 Haziran 2014,7.18,7.19,7.17,7.26,0.09,242126888,0.083904524
06 Haziran 2014,7.21,7.18,7.14,7.22,0.08,252676731,0.087853428
05 Haziran 2014,7.13,7.21,7.04,7.17,0.13,296476667,0.10424815
04 Haziran 2014,7.04,7.13,7.03,7.14,0.11,122847301,0.039257067
03 Haziran 2014,7.13,7.04,7.13,7.23,0.1,195708670,0.066529754
02 Haziran 2014,7.19,7.13,7.13,7.22,0.09,356121769,0.126573866
30 Mayıs 2014,7.13,7.19,7.09,7.17,0.08,222531678,0.076569855
29 Mayıs 2014,7.12,7.13,7.07,7.12,0.05,221911021,0.076337537
28 Mayıs 2014,7.04,7.12,7.03,7.15,0.12,342181391,0.121355853
27 Mayıs 2014,7.07,7.04,7.06,7.18,0.12,259611848,0.090449307
26 Mayıs 2014,7.15,7.07,7.07,7.17,0.1,261854265,0.091288664
23 Mayıs 2014,7.05,7.15,7.05,7.14,0.09,353785986,0.12569956
22 Mayıs 2014,7.05,7.05,6.95,7.08,0.13,379462129,0.135310379
21 Mayıs 2014,6.97,7.05,6.87,7.01,0.14,276470873,0.096759796
20 Mayıs 2014,6.87,6.97,6.83,6.95,0.12,170614161,0.057136646
16 Mayıs 2014,6.89,6.87,6.81,6.93,0.12,194858673,0.066211592
15 Mayıs 2014,6.87,6.89,6.87,7.12,0.25,303066534,0.106714799
14 Mayıs 2014,7.08,6.87,6.9,7.1,0.2,588283463,0.213474142
13 Mayıs 2014,6.93,7.08,6.81,6.95,0.14,472313032,0.170065334
12 Mayıs 2014,6.8,6.93,6.69,6.8,0.11,331312829,0.117287649
09 Mayıs 2014,6.7,6.8,6.69,6.78,0.09,173158553,0.058089036
08 Mayıs 2014,6.76,6.7,6.64,6.77,0.13,345534551,0.122610972
07 Mayıs 2014,6.66,6.76,6.6,6.71,0.11,184319519,0.062266689
06 Mayıs 2014,6.69,6.66,6.65,6.75,0.1,249061632,0.086500263
05 Mayıs 2014,6.65,6.69,6.65,6.77,0.12,202019021,0.068891777
02 Mayıs 2014,6.75,6.65,6.74,6.86,0.12,392359972,0.140138161
30 Nisan 2014,6.75,6.75,6.54,6.77,0.23,247211989,0.085807924
29 Nisan 2014,6.56,6.75,6.56,6.66,0.1,214264073,0.073475214
28 Nisan 2014,6.59,6.56,6.47,6.62,0.15,222628997,0.076606282
25 Nisan 2014,6.54,6.59,6.52,6.73,0.21,203728755,0.069531746
24 Nisan 2014,6.71,6.54,6.7,6.85,0.15,140862788,0.046000431
22 Nisan 2014,6.82,6.71,6.82,6.93,0.11,156531734,0.051865463
21 Nisan 2014,6.9,6.82,6.83,6.93,0.1,168081447,0.056188628
18 Nisan 2014,6.84,6.9,6.8,6.87,0.07,142897766,0.046762143
17 Nisan 2014,6.77,6.84,6.7,6.78,0.08,206154521,0.070439733
16 Nisan 2014,6.72,6.77,6.57,6.74,0.17,326577355,0.115515117
15 Nisan 2014,6.66,6.72,6.66,6.82,0.16,224558647,0.077328568
14 Nisan 2014,6.78,6.66,6.67,6.8,0.13,207261243,0.070853989
11 Nisan 2014,6.71,6.78,6.59,6.73,0.14,183471159,0.06194914
10 Nisan 2014,6.75,6.71,6.73,6.82,0.09,192153864,0.065199157
09 Nisan 2014,6.73,6.75,6.72,6.96,0.24,266833886,0.093152582
08 Nisan 2014,6.91,6.73,6.89,6.95,0.06,308640981,0.108801366
07 Nisan 2014,6.87,6.91,6.79,6.91,0.12,254889532,0.0886817
04 Nisan 2014,6.83,6.87,6.76,6.88,0.12,265032764,0.092478406
03 Nisan 2014,6.82,6.83,6.81,6.92,0.11,239670482,0.082985068
02 Nisan 2014,6.84,6.82,6.69,6.88,0.19,467007355,0.16807937
01 Nisan 2014,6.66,6.84,6.59,6.67,0.08,309397020,0.109084358
31 Mart 2014,6.59,6.66,6.49,6.68,0.19,264735214,0.09236703
28 Mart 2014,6.35,6.59,6.25,6.36,0.11,212976159,0.072993135
27 Mart 2014,6.2,6.35,6.16,6.39,0.23,366527203,0.130468716
26 Mart 2014,6.28,6.2,6.15,6.32,0.17,346157216,0.122844041
25 Mart 2014,6.09,6.28,6.01,6.14,0.13,143206518,0.046877711
24 Mart 2014,6,6.09,6,6.19,0.19,101131829,0.031128765
21 Mart 2014,6.14,6,6.12,6.21,0.09,100795007,0.031002689
20 Mart 2014,6.19,6.14,6.12,6.23,0.11,190066372,0.064417789
19 Mart 2014,6.13,6.19,6.08,6.41,0.33,298088788,0.104851582
18 Mart 2014,6.4,6.13,6.3,6.42,0.12,200136250,0.068187038
17 Mart 2014,6.29,6.4,6.27,6.34,0.07,128152436,0.041242829
14 Mart 2014,6.23,6.29,6.21,6.37,0.16,171770774,0.057569577
13 Mart 2014,6.28,6.23,6.19,6.32,0.13,184715107,0.062414761
12 Mart 2014,6.18,6.28,6.02,6.22,0.2,218917144,0.075216901
11 Mart 2014,6.09,6.18,6.04,6.16,0.12,241004364,0.083484353
10 Mart 2014,6.02,6.09,6.01,6.27,0.26,251060737,0.087248546
07 Mart 2014,6.31,6.02,6.31,6.58,0.27,287547049,0.100905712
06 Mart 2014,6.68,6.31,6.57,6.69,0.12,218627956,0.075108655
05 Mart 2014,6.55,6.68,6.52,6.61,0.09,160569701,0.053376912
04 Mart 2014,6.55,6.55,6.4,6.57,0.17,179233608,0.060362985
03 Mart 2014,6.34,6.55,6.33,6.5,0.17,138581812,0.045146641
28 Şubat 2014,6.58,6.34,6.53,6.63,0.1,180827675,0.060959659
27 Şubat 2014,6.54,6.58,6.48,6.59,0.11,115551190,0.036526065
26 Şubat 2014,6.58,6.54,6.58,6.78,0.2,142882510,0.046756432
25 Şubat 2014,6.66,6.58,6.61,6.72,0.11,89843006,0.026903253
24 Şubat 2014,6.87,6.66,6.82,6.88,0.06,56118335,0.014279796
21 Şubat 2014,6.85,6.87,6.77,6.93,0.16,179519482,0.060469991
20 Şubat 2014,6.91,6.85,6.69,6.93,0.24,182371245,0.061537432
19 Şubat 2014,6.78,6.91,6.67,6.85,0.18,174002137,0.058404797
18 Şubat 2014,6.85,6.78,6.85,7.03,0.18,216429485,0.074285747
17 Şubat 2014,7.07,6.85,7.07,7.18,0.11,157402143,0.052191265
14 Şubat 2014,7.11,7.07,7.11,7.27,0.16,217103053,0.07453787
13 Şubat 2014,7.18,7.11,7.02,7.22,0.2,244617648,0.084836838
12 Şubat 2014,7.06,7.18,7.04,7.11,0.07,94991997,0.028830569
11 Şubat 2014,7.01,7.06,6.97,7.11,0.14,159031336,0.052801087
10 Şubat 2014,7.04,7.01,6.98,7.08,0.1,117013588,0.037073454
07 Şubat 2014,7.04,7.04,7.04,7.16,0.12,184789318,0.062442539
06 Şubat 2014,7.13,7.04,7.04,7.14,0.1,200746346,0.068415403
05 Şubat 2014,6.99,7.13,6.96,7.08,0.12,215539355,0.073952563
04 Şubat 2014,6.94,6.99,6.61,6.95,0.34,281865231,0.098778954
03 Şubat 2014,6.75,6.94,6.72,6.83,0.11,82948061,0.024322412
31 Ocak 2014,6.74,6.75,6.74,7,0.26,210564573,0.072090456
30 Ocak 2014,6.98,6.74,6.9,7.06,0.16,248838310,0.086416671
29 Ocak 2014,7.02,6.98,6.7,7.1,0.4,306615388,0.108043168
28 Ocak 2014,6.92,7.02,6.91,7.15,0.24,197454653,0.067183292
27 Ocak 2014,7.07,6.92,6.94,7.16,0.22,299339966,0.10531991
24 Ocak 2014,7.07,7.07,6.83,7.15,0.32,391480337,0.139808906
23 Ocak 2014,6.99,7.07,6.97,7.27,0.3,409491351,0.146550596
22 Ocak 2014,7.26,6.99,7.16,7.31,0.15,275441125,0.096374352
21 Ocak 2014,7.13,7.26,7.08,7.21,0.13,303825231,0.106998786
20 Ocak 2014,7.01,7.13,6.73,7.07,0.34,347450464,0.123328116
17 Ocak 2014,6.79,7.01,6.61,7.24,0.63,354342664,0.12590793
16 Ocak 2014,7.18,6.79,7.17,7.36,0.19,290104869,0.101863127
15 Ocak 2014,7.32,7.18,7.22,7.37,0.15,424074243,0.152009107
14 Ocak 2014,7.22,7.32,7.05,7.23,0.18,355862483,0.126476813
13 Ocak 2014,7.17,7.22,7.17,7.29,0.12,303984382,0.107058358
10 Ocak 2014,7.11,7.17,6.88,7.14,0.26,306021580,0.1078209
09 Ocak 2014,6.87,7.11,6.71,6.91,0.2,188630597,0.063880366
08 Ocak 2014,6.79,6.87,6.74,6.95,0.21,360718248,0.12829437
07 Ocak 2014,6.84,6.79,6.62,6.9,0.28,474554614,0.170904379
06 Ocak 2014,6.71,6.84,6.36,6.73,0.37,279096552,0.097742612
03 Ocak 2014,6.41,6.71,6.32,6.51,0.19,222156181,0.076429303
02 Ocak 2014,6.36,6.41,6.25,6.44,0.19,194047048,0.065907793
31 Aralık 2013,6.44,6.36,6.2,6.62,0.42,258223765,0.089929734
30 Aralık 2013,6.36,6.44,5.92,6.4,0.48,188322393,0.063765002
27 Aralık 2013,5.8,6.36,5.52,6,0.48,233020152,0.080495788
26 Aralık 2013,6,5.8,5.94,6.36,0.42,184681790,0.06240229
25 Aralık 2013,6.2,6,6.14,6.72,0.58,133617647,0.043288508
24 Aralık 2013,6.58,6.2,6.34,6.58,0.24,117927273,0.037415455
23 Aralık 2013,6.34,6.58,6.24,6.72,0.48,127010912,0.040815546
20 Aralık 2013,6.6,6.34,6.58,6.78,0.2,131359300,0.042443188
19 Aralık 2013,6.6,6.6,6.6,7,0.4,192983823,0.065509818
18 Aralık 2013,6.92,6.6,6.42,6.94,0.52,185517566,0.062715129
17 Aralık 2013,6.8,6.92,6.72,7.14,0.42,161422435,0.053696098
16 Aralık 2013,7.24,6.8,7.14,7.28,0.14,151872964,0.050121642
13 Aralık 2013,7.2,7.24,7.06,7.2,0.14,124747508,0.039968332
12 Aralık 2013,7.06,7.2,7.04,7.22,0.18,132477116,0.042861597
11 Aralık 2013,7.24,7.06,7.12,7.28,0.16,115315598,0.036437881
10 Aralık 2013,7.18,7.24,7.12,7.24,0.12,102227533,0.031538897
09 Aralık 2013,7.22,7.18,7.22,7.36,0.14,96002413,0.029208777
06 Aralık 2013,7.2,7.22,6.9,7.22,0.32,201905470,0.068849274
05 Aralık 2013,7,7.2,6.96,7.1,0.14,119150604,0.037873359
04 Aralık 2013,7.08,7,6.94,7.14,0.2,168777780,0.056449272
03 Aralık 2013,7.14,7.08,7.14,7.38,0.24,173211063,0.058108691
02 Aralık 2013,7.38,7.14,7.38,7.58,0.2,122729641,0.039213026
29 Kasım 2013,7.48,7.38,7.36,7.5,0.14,79453484,0.023014359
28 Kasım 2013,7.4,7.48,7.38,7.52,0.14,66700554,0.018240819
27 Kasım 2013,7.42,7.4,7.4,7.52,0.12,105351528,0.032708237
26 Kasım 2013,7.46,7.42,7.44,7.66,0.22,120610644,0.038419866
25 Kasım 2013,7.66,7.46,7.64,7.76,0.12,263501545,0.091905256
22 Kasım 2013,7.54,7.66,7.48,7.58,0.1,104400286,0.032352178
21 Kasım 2013,7.48,7.54,7.38,7.52,0.14,132094349,0.042718323
20 Kasım 2013,7.56,7.48,7.38,7.58,0.2,146885732,0.048254875
19 Kasım 2013,7.4,7.56,7.4,7.7,0.3,149820166,0.049353261
18 Kasım 2013,7.64,7.4,7.5,7.66,0.16,113496064,0.035756813
15 Kasım 2013,7.48,7.64,7.4,7.58,0.18,122122286,0.038985688
14 Kasım 2013,7.36,7.48,7.22,7.4,0.18,125367693,0.040200473
13 Kasım 2013,7.12,7.36,6.98,7.24,0.26,173424122,0.058188441
12 Kasım 2013,7.22,7.12,7.14,7.28,0.14,189562411,0.064229152
11 Kasım 2013,7.16,7.22,7.1,7.64,0.54,248517429,0.086296563
08 Kasım 2013,7.54,7.16,7.5,7.76,0.26,114011671,0.035949809
07 Kasım 2013,7.7,7.54,7.68,7.94,0.26,130567734,0.042146897
06 Kasım 2013,7.76,7.7,7.64,7.82,0.18,83170378,0.024405627
05 Kasım 2013,7.66,7.76,7.62,7.88,0.26,73096871,0.02063502
04 Kasım 2013,7.86,7.66,7.72,7.92,0.2,115495683,0.036505289
01 Kasım 2013,7.92,7.86,7.76,7.94,0.18,110243974,0.034539525
31 Ekim 2013,7.82,7.92,7.82,7.96,0.14,150626237,0.049654981
30 Ekim 2013,8,7.82,7.96,8.32,0.36,162205297,0.053989131
28 Ekim 2013,8.26,8,8.24,8.34,0.1,49934421,0.0119651
25 Ekim 2013,8.28,8.26,8.22,8.42,0.2,141050197,0.04607058
24 Ekim 2013,8.34,8.28,8.22,8.36,0.14,117016421,0.037074515
23 Ekim 2013,8.16,8.34,8.16,8.38,0.22,132618486,0.042914513
22 Ekim 2013,8.36,8.16,8.22,8.44,0.22,186779851,0.063187614
21 Ekim 2013,8.24,8.36,7.92,8.3,0.38,238987951,0.082729591
14 Ekim 2013,7.78,8.24,7.76,7.82,0.06,17968610,0
11 Ekim 2013,7.78,7.78,7.72,7.8,0.08,69237333,0.019190359
10 Ekim 2013,7.62,7.78,7.56,7.72,0.16,95792154,0.029130075
09 Ekim 2013,7.48,7.62,7.36,7.58,0.22,130765769,0.042221023
08 Ekim 2013,7.64,7.48,7.64,7.78,0.14,60071984,0.015759684
07 Ekim 2013,7.74,7.64,7.72,7.82,0.1,67673173,0.018604879
04 Ekim 2013,7.8,7.74,7.74,7.84,0.1,140245910,0.045769528
03 Ekim 2013,7.72,7.8,7.7,7.78,0.08,71317931,0.019969146
02 Ekim 2013,7.68,7.72,7.66,7.84,0.18,103866768,0.032152478
01 Ekim 2013,7.76,7.68,7.72,7.82,0.1,113971670,0.035934836
30 Eylül 2013,7.7,7.76,7.38,7.7,0.32,199973776,0.068126223
27 Eylül 2013,7.54,7.7,7.54,7.72,0.18,105576612,0.032792488
26 Eylül 2013,7.66,7.54,7.66,7.84,0.18,137595059,0.04477729
25 Eylül 2013,7.78,7.66,7.76,7.92,0.16,198777155,0.067678316
24 Eylül 2013,7.86,7.78,7.74,7.96,0.22,308198672,0.108635806
23 Eylül 2013,7.74,7.86,7.62,7.84,0.22,217147690,0.074554578
20 Eylül 2013,7.82,7.74,7.64,7.88,0.24,346394483,0.122932852
19 Eylül 2013,7.64,7.82,7.58,7.88,0.3,477507627,0.172009719
18 Eylül 2013,7.2,7.64,7.12,7.28,0.16,307290334,0.108295806
17 Eylül 2013,7.1,7.2,7.04,7.16,0.12,195368671,0.066402489
16 Eylül 2013,7.1,7.1,7.02,7.14,0.12,277973507,0.097322246
13 Eylül 2013,6.8,7.1,6.8,7.04,0.24,250815757,0.087156848
12 Eylül 2013,6.98,6.8,6.9,7.08,0.18,307183038,0.108255644
11 Eylül 2013,6.88,6.98,6.78,7.24,0.46,732040576,0.267283764
10 Eylül 2013,6.92,6.88,6.28,6.92,0.64,529660672,0.191531088
09 Eylül 2013,6.24,6.92,5.92,6.26,0.34,342246086,0.121380069
06 Eylül 2013,5.96,6.24,5.9,6.12,0.22,178509972,0.060092122
05 Eylül 2013,6.02,5.96,5.94,6.22,0.28,158340200,0.052542389
04 Eylül 2013,6.22,6.02,6.22,6.4,0.18,160762020,0.053448899
03 Eylül 2013,6.24,6.22,6.2,6.52,0.32,131053331,0.042328661
02 Eylül 2013,6.44,6.24,6.38,6.56,0.18,140767828,0.045964887
29 Ağustos 2013,6.32,6.44,6.32,6.58,0.26,274889666,0.096167936
28 Ağustos 2013,6.44,6.32,6.14,6.7,0.56,392274040,0.140105996
27 Ağustos 2013,6.8,6.44,6.78,7.4,0.62,233785733,0.080782352
26 Ağustos 2013,7.46,6.8,7.02,7.48,0.46,107897282,0.033661137
23 Ağustos 2013,7.32,7.46,7.32,7.56,0.24,111051287,0.03484171
22 Ağustos 2013,7.32,7.32,7.02,7.42,0.4,200480145,0.068315761
21 Ağustos 2013,7.44,7.32,7.44,8.06,0.62,180102699,0.060688294
20 Ağustos 2013,8.04,7.44,7.88,8.32,0.44,145873236,0.047875889
19 Ağustos 2013,8.4,8.04,8.38,8.52,0.14,71379672,0.019992256
16 Ağustos 2013,8.54,8.4,8.3,8.54,0.24,111353114,0.034954687
15 Ağustos 2013,8.34,8.54,8.3,8.6,0.3,78544092,0.022673965
14 Ağustos 2013,8.48,8.34,8.46,8.62,0.16,80190767,0.023290331
13 Ağustos 2013,8.56,8.48,8.56,8.8,0.24,136053110,0.044200124
12 Ağustos 2013,8.7,8.56,8.44,8.7,0.26,121206567,0.038642925
07 Ağustos 2013,8.44,8.7,8.32,8.44,0.12,30677124,0.004756915
06 Ağustos 2013,8.36,8.44,8.34,8.44,0.1,89810561,0.026891109
05 Ağustos 2013,8.24,8.36,8.16,8.28,0.12,71419181,0.020007045
02 Ağustos 2013,8.2,8.24,8.1,8.22,0.12,58872386,0.015310663
01 Ağustos 2013,8.1,8.2,8.1,8.24,0.14,86225217,0.025549081
31 Temmuz 2013,8.16,8.1,8.1,8.26,0.16,88391549,0.02635996
30 Temmuz 2013,8.22,8.16,8.12,8.26,0.14,95139613,0.028885823
29 Temmuz 2013,8.1,8.22,8.08,8.2,0.12,89525203,0.026784297
26 Temmuz 2013,8.12,8.1,8.06,8.28,0.22,173415145,0.058185081
